13 ;41 ;3 ;23 ;12 ;16 
12 ;32 ;30 ;49 ;3 ;18 
34 ;12 ;14 ;24 ;36 ;23 
30 ;13 ;36 ;44 ;23 ;4 
31 ;44 ;6 ;49 ;5 ;39 
29 ;44 ;6 ;37 ;22 ;18 
27 ;44 ;8 ;16 ;12 ;4 
26 ;37 ;9 ;44 ;46 ;24 
47 ;20 ;31 ;26 ;21 ;5 
10 ;26 ;37 ;8 ;31 ;22 
26 ;8 ;42 ;39 ;36 ;14 
34 ;38 ;42 ;39 ;9 ;5 
38 ;22 ;46 ;4 ;27 ;36 
37 ;6 ;41 ;22 ;21 ;42 
29 ;1 ;19 ;9 ;49 ;16 
23 ;40 ;35 ;12 ;17 ;27 
18 ;5 ;22 ;6 ;38 ;43 
26 ;42 ;43 ;12 ;35 ;36 
14 ;1 ;23 ;27 ;33 ;30 
26 ;35 ;38 ;20 ;42 ;8 
30 ;42 ;1 ;48 ;32 ;45 
41 ;6 ;4 ;47 ;17 ;19 
6 ;28 ;9 ;26 ;20 ;22 
26 ;10 ;3 ;49 ;24 ;38 
42 ;16 ;18 ;3 ;37 ;19 
25 ;10 ;32 ;7 ;43 ;22 
32 ;39 ;19 ;25 ;2 ;30 
46 ;32 ;14 ;31 ;12 ;1 
19 ;33 ;21 ;10 ;24 ;35 
18 ;4 ;40 ;36 ;47 ;34 
45 ;39 ;41 ;49 ;3 ;1 
43 ;31 ;39 ;32 ;4 ;34 
22 ;12 ;37 ;31 ;6 ;42 
36 ;33 ;38 ;43 ;35 ;5 
36 ;34 ;35 ;11 ;33 ;17 
23 ;40 ;14 ;46 ;10 ;16 
25 ;41 ;5 ;46 ;38 ;19 
37 ;18 ;43 ;32 ;14 ;16 
44 ;13 ;35 ;21 ;25 ;5 
47 ;3 ;43 ;20 ;48 ;42 
48 ;12 ;19 ;17 ;34 ;23 
38 ;48 ;5 ;10 ;18 ;8 
27 ;35 ;9 ;17 ;23 ;10 
40 ;9 ;23 ;25 ;31 ;46 
10 ;31 ;4 ;11 ;26 ;47 
5 ;34 ;33 ;14 ;6 ;40 
36 ;3 ;16 ;29 ;25 ;11 
49 ;48 ;40 ;31 ;26 ;14 
42 ;47 ;15 ;28 ;27 ;22 
42 ;23 ;17 ;8 ;4 ;18 
31 ;9 ;5 ;22 ;21 ;6 
9 ;10 ;39 ;36 ;27 ;24 
33 ;44 ;29 ;36 ;9 ;6 
32 ;10 ;11 ;25 ;12 ;42 
41 ;22 ;1 ;2 ;48 ;36 
17 ;5 ;49 ;39 ;29 ;47 
38 ;7 ;16 ;19 ;39 ;33 
29 ;36 ;7 ;34 ;49 ;14 
37 ;40 ;39 ;28 ;16 ;14 
16 ;36 ;44 ;25 ;6 ;9 
15 ;9 ;47 ;10 ;27 ;21 
32 ;11 ;13 ;7 ;43 ;6 
17 ;20 ;23 ;15 ;31 ;35 
49 ;45 ;13 ;47 ;1 ;5 
23 ;31 ;17 ;11 ;26 ;38 
20 ;4 ;16 ;19 ;17 ;15 
6 ;47 ;7 ;33 ;3 ;12 
2 ;39 ;6 ;9 ;28 ;49 
12 ;6 ;39 ;30 ;43 ;34 
31 ;49 ;18 ;9 ;17 ;19 
1 ;31 ;42 ;35 ;9 ;15 
15 ;16 ;28 ;43 ;23 ;2 
36 ;9 ;34 ;4 ;11 ;45 
2 ;36 ;45 ;7 ;35 ;18 
3 ;14 ;35 ;24 ;44 ;32 
18 ;48 ;22 ;45 ;31 ;14 
47 ;20 ;30 ;44 ;27 ;26 
2 ;40 ;31 ;14 ;48 ;18 
39 ;18 ;6 ;28 ;44 ;15 
35 ;44 ;11 ;39 ;27 ;45 
18 ;43 ;23 ;37 ;20 ;33 
31 ;41 ;4 ;2 ;27 ;22 
15 ;21 ;31 ;17 ;24 ;40 
28 ;16 ;44 ;30 ;20 ;29 
24 ;35 ;3 ;45 ;40 ;1 
4 ;32 ;37 ;14 ;3 ;29 
7 ;47 ;1 ;32 ;8 ;35 
21 ;38 ;14 ;44 ;34 ;30 
10 ;12 ;19 ;4 ;25 ;8 
23 ;31 ;15 ;36 ;37 ;46 
26 ;11 ;5 ;22 ;6 ;14 
41 ;44 ;40 ;34 ;28 ;30 
42 ;1 ;2 ;23 ;44 ;3 
9 ;25 ;34 ;20 ;1 ;27 
48 ;17 ;42 ;8 ;43 ;6 
13 ;39 ;29 ;33 ;36 ;26 
3 ;40 ;48 ;8 ;41 ;14 
36 ;31 ;24 ;30 ;42 ;38 
27 ;47 ;7 ;40 ;2 ;4 
27 ;38 ;21 ;12 ;20 ;40 
24 ;37 ;19 ;28 ;34 ;12 
25 ;10 ;33 ;9 ;35 ;7 
21 ;22 ;13 ;26 ;42 ;20 
9 ;26 ;25 ;31 ;11 ;6 
49 ;1 ;14 ;41 ;29 ;30 
35 ;36 ;24 ;2 ;27 ;42 
22 ;4 ;18 ;9 ;23 ;2 
49 ;26 ;46 ;45 ;3 ;11 
24 ;45 ;46 ;16 ;30 ;20 
20 ;24 ;49 ;34 ;8 ;22 
23 ;25 ;3 ;26 ;1 ;14 
46 ;36 ;9 ;27 ;26 ;11 
45 ;26 ;3 ;32 ;47 ;43 
27 ;11 ;22 ;7 ;39 ;18 
33 ;22 ;28 ;23 ;4 ;7 
46 ;14 ;34 ;45 ;47 ;36 
36 ;15 ;21 ;44 ;10 ;6 
19 ;36 ;9 ;37 ;23 ;22 
30 ;32 ;12 ;34 ;14 ;3 
7 ;4 ;23 ;41 ;6 ;27 
34 ;46 ;4 ;48 ;38 ;39 
30 ;45 ;40 ;43 ;25 ;37 
36 ;37 ;8 ;45 ;15 ;21 
19 ;2 ;26 ;3 ;17 ;12 
24 ;9 ;11 ;27 ;48 ;21 
11 ;20 ;49 ;5 ;10 ;36 
18 ;6 ;2 ;8 ;17 ;35 
39 ;20 ;27 ;5 ;22 ;43 
30 ;38 ;46 ;28 ;22 ;34 
44 ;36 ;29 ;49 ;24 ;23 
16 ;10 ;29 ;13 ;28 ;47 
27 ;25 ;5 ;3 ;22 ;49 
1 ;21 ;38 ;30 ;25 ;9 
31 ;10 ;48 ;32 ;38 ;15 
2 ;7 ;32 ;36 ;25 ;38 
49 ;26 ;18 ;34 ;41 ;21 
37 ;29 ;3 ;8 ;38 ;6 
25 ;33 ;24 ;43 ;30 ;31 
34 ;8 ;32 ;46 ;48 ;9 
46 ;13 ;33 ;30 ;32 ;24 
17 ;24 ;26 ;32 ;30 ;37 
9 ;8 ;36 ;27 ;10 ;15 
28 ;33 ;6 ;31 ;46 ;39 
19 ;18 ;17 ;36 ;21 ;49 
4 ;29 ;44 ;3 ;49 ;30 
42 ;48 ;41 ;47 ;17 ;35 
46 ;48 ;24 ;10 ;14 ;18 
14 ;9 ;22 ;36 ;26 ;34 
1 ;39 ;20 ;17 ;29 ;10 
18 ;28 ;35 ;45 ;42 ;37 
45 ;19 ;21 ;14 ;31 ;32 
47 ;13 ;21 ;37 ;45 ;44 
33 ;35 ;40 ;1 ;5 ;9 
20 ;32 ;14 ;13 ;7 ;1 
46 ;39 ;27 ;9 ;35 ;22 
4 ;38 ;8 ;2 ;30 ;44 
33 ;16 ;25 ;19 ;6 ;20 
46 ;4 ;6 ;49 ;48 ;45 
33 ;30 ;6 ;34 ;21 ;36 
47 ;8 ;13 ;7 ;29 ;49 
46 ;11 ;18 ;44 ;8 ;12 
22 ;21 ;45 ;11 ;47 ;25 
22 ;18 ;19 ;49 ;4 ;25 
11 ;44 ;46 ;49 ;19 ;18 
28 ;13 ;1 ;17 ;27 ;4 
11 ;48 ;31 ;9 ;26 ;13 
6 ;45 ;15 ;17 ;40 ;9 
44 ;41 ;12 ;14 ;49 ;19 
41 ;46 ;2 ;13 ;34 ;27 
46 ;45 ;44 ;28 ;7 ;18 
2 ;43 ;4 ;6 ;41 ;40 
28 ;41 ;47 ;44 ;27 ;5 
25 ;26 ;33 ;1 ;41 ;6 
13 ;25 ;33 ;6 ;11 ;15 
11 ;25 ;6 ;33 ;29 ;8 
18 ;49 ;29 ;44 ;47 ;5 
33 ;18 ;46 ;21 ;37 ;2 
11 ;16 ;10 ;1 ;36 ;39 
14 ;29 ;37 ;40 ;48 ;21 
49 ;26 ;19 ;34 ;5 ;43 
49 ;16 ;35 ;10 ;7 ;23 
23 ;19 ;35 ;18 ;2 ;39 
2 ;42 ;39 ;48 ;33 ;28 
16 ;28 ;20 ;4 ;46 ;22 
21 ;40 ;1 ;14 ;8 ;15 
30 ;31 ;35 ;46 ;7 ;5 
44 ;43 ;42 ;14 ;22 ;19 
49 ;7 ;27 ;41 ;46 ;1 
28 ;19 ;41 ;4 ;1 ;5 
8 ;25 ;22 ;49 ;44 ;17 
10 ;42 ;44 ;23 ;21 ;11 
30 ;19 ;41 ;28 ;32 ;17 
42 ;10 ;24 ;28 ;23 ;35 
34 ;42 ;3 ;4 ;43 ;21 
2 ;36 ;49 ;44 ;18 ;9 
35 ;25 ;31 ;23 ;46 ;29 
9 ;46 ;2 ;26 ;40 ;13 
31 ;30 ;14 ;48 ;34 ;38 
24 ;6 ;48 ;45 ;37 ;14 
26 ;9 ;35 ;36 ;33 ;11 
31 ;16 ;13 ;28 ;15 ;9 
2 ;13 ;19 ;42 ;41 ;31 
36 ;33 ;14 ;16 ;35 ;11 
8 ;3 ;29 ;9 ;18 ;26 
15 ;16 ;44 ;1 ;9 ;23 
48 ;45 ;26 ;46 ;11 ;31 
1 ;9 ;30 ;24 ;22 ;32 
15 ;21 ;19 ;16 ;29 ;17 
39 ;34 ;6 ;5 ;17 ;31 
19 ;11 ;45 ;40 ;2 ;38 
39 ;26 ;19 ;18 ;6 ;29 
12 ;18 ;33 ;29 ;25 ;37 
20 ;31 ;38 ;19 ;36 ;45 
29 ;23 ;35 ;3 ;7 ;37 
15 ;23 ;43 ;38 ;47 ;4 
4 ;34 ;3 ;5 ;14 ;49 
2 ;20 ;1 ;37 ;21 ;29 
5 ;43 ;14 ;32 ;45 ;20 
40 ;20 ;42 ;25 ;27 ;22 
31 ;47 ;48 ;25 ;8 ;17 
9 ;42 ;48 ;40 ;43 ;39 
33 ;41 ;28 ;22 ;27 ;36 
14 ;24 ;49 ;33 ;15 ;7 
45 ;42 ;22 ;43 ;37 ;48 
30 ;41 ;49 ;29 ;4 ;40 
48 ;13 ;20 ;41 ;33 ;8 
10 ;12 ;28 ;45 ;26 ;22 
12 ;45 ;1 ;26 ;25 ;14 
12 ;13 ;4 ;3 ;24 ;20 
34 ;44 ;25 ;48 ;6 ;2 
28 ;19 ;46 ;41 ;32 ;43 
26 ;48 ;47 ;33 ;43 ;45 
4 ;32 ;42 ;22 ;19 ;5 
47 ;10 ;25 ;9 ;30 ;22 
7 ;47 ;43 ;39 ;15 ;3 
17 ;36 ;48 ;39 ;44 ;3 
17 ;42 ;40 ;4 ;25 ;33 
45 ;35 ;12 ;14 ;22 ;39 
28 ;9 ;3 ;33 ;41 ;32 
41 ;36 ;14 ;22 ;46 ;7 
28 ;6 ;36 ;8 ;14 ;32 
26 ;32 ;28 ;39 ;29 ;2 
32 ;44 ;31 ;24 ;40 ;48 
10 ;24 ;34 ;27 ;15 ;31 
24 ;41 ;14 ;19 ;31 ;40 
8 ;39 ;27 ;10 ;49 ;13 
23 ;4 ;49 ;34 ;21 ;17 
16 ;43 ;23 ;35 ;21 ;15 
22 ;29 ;30 ;49 ;12 ;20 
22 ;29 ;13 ;44 ;4 ;23 
32 ;18 ;38 ;5 ;25 ;33 
43 ;34 ;27 ;13 ;48 ;35 
14 ;4 ;38 ;25 ;30 ;7 
11 ;43 ;6 ;19 ;10 ;12 
31 ;39 ;37 ;28 ;12 ;24 
45 ;48 ;46 ;11 ;22 ;27 
46 ;41 ;23 ;25 ;32 ;42 
19 ;22 ;3 ;29 ;25 ;45 
17 ;48 ;33 ;18 ;7 ;8 
4 ;16 ;12 ;31 ;19 ;3 
38 ;24 ;20 ;12 ;30 ;45 
25 ;22 ;29 ;5 ;14 ;38 
5 ;48 ;29 ;31 ;6 ;18 
8 ;47 ;35 ;24 ;41 ;49 
19 ;9 ;10 ;3 ;18 ;24 
30 ;15 ;47 ;41 ;20 ;4 
36 ;13 ;33 ;19 ;14 ;42 
27 ;14 ;1 ;47 ;20 ;46 
22 ;18 ;5 ;13 ;4 ;3 
34 ;12 ;23 ;24 ;32 ;26 
46 ;5 ;47 ;45 ;1 ;8 
42 ;40 ;8 ;36 ;47 ;20 
15 ;8 ;27 ;49 ;11 ;42 
20 ;10 ;30 ;13 ;39 ;38 
10 ;35 ;14 ;16 ;37 ;23 
15 ;47 ;6 ;4 ;49 ;38 
18 ;45 ;10 ;6 ;47 ;37 
15 ;16 ;18 ;25 ;37 ;43 
41 ;38 ;5 ;32 ;16 ;42 
5 ;15 ;13 ;49 ;44 ;36 
26 ;13 ;6 ;36 ;35 ;18 
1 ;25 ;9 ;28 ;2 ;8 
24 ;28 ;21 ;13 ;26 ;8 
48 ;41 ;34 ;32 ;2 ;40 
6 ;7 ;40 ;9 ;15 ;12 
32 ;38 ;9 ;40 ;6 ;33 
20 ;3 ;31 ;17 ;26 ;21 
4 ;23 ;28 ;27 ;38 ;29 
30 ;38 ;17 ;16 ;15 ;40 
1 ;19 ;23 ;40 ;46 ;8 
27 ;39 ;18 ;22 ;3 ;34 
7 ;5 ;22 ;43 ;18 ;21 
7 ;21 ;9 ;45 ;35 ;31 
45 ;24 ;14 ;48 ;43 ;41 
15 ;1 ;41 ;36 ;2 ;11 
47 ;39 ;5 ;25 ;29 ;2 
47 ;5 ;34 ;9 ;22 ;21 
23 ;29 ;36 ;40 ;28 ;14 
37 ;42 ;1 ;25 ;29 ;17 
1 ;11 ;26 ;33 ;25 ;18 
2 ;48 ;42 ;1 ;32 ;19 
5 ;28 ;3 ;43 ;42 ;15 
12 ;49 ;35 ;2 ;41 ;47 
28 ;15 ;12 ;32 ;25 ;43 
9 ;31 ;12 ;23 ;28 ;38 
25 ;48 ;33 ;34 ;31 ;9 
18 ;17 ;44 ;15 ;11 ;33 
20 ;32 ;15 ;35 ;10 ;2 
13 ;15 ;29 ;16 ;5 ;11 
20 ;1 ;10 ;49 ;27 ;37 
7 ;13 ;10 ;16 ;5 ;18 
33 ;4 ;29 ;14 ;23 ;36 
1 ;33 ;48 ;4 ;35 ;31 
44 ;17 ;7 ;14 ;19 ;12 
31 ;25 ;48 ;45 ;40 ;47 
22 ;35 ;4 ;40 ;16 ;33 
9 ;33 ;5 ;6 ;44 ;41 
33 ;11 ;18 ;49 ;12 ;27 
44 ;8 ;13 ;14 ;30 ;32 
40 ;20 ;39 ;2 ;37 ;1 
27 ;17 ;7 ;16 ;25 ;8 
23 ;5 ;29 ;10 ;47 ;39 
5 ;32 ;21 ;49 ;13 ;25 
36 ;4 ;31 ;22 ;42 ;32 
9 ;2 ;1 ;27 ;24 ;26 
1 ;33 ;35 ;20 ;11 ;37 
12 ;22 ;9 ;19 ;26 ;27 
33 ;45 ;37 ;5 ;47 ;3 
37 ;20 ;41 ;5 ;49 ;48 
17 ;44 ;33 ;7 ;25 ;26 
29 ;23 ;40 ;18 ;27 ;9 
39 ;31 ;33 ;28 ;42 ;14 
32 ;11 ;36 ;38 ;9 ;29 
2 ;45 ;48 ;17 ;25 ;19 
21 ;33 ;43 ;4 ;19 ;45 
16 ;22 ;1 ;21 ;12 ;14 
27 ;44 ;24 ;38 ;25 ;45 
35 ;28 ;32 ;10 ;26 ;12 
10 ;32 ;27 ;25 ;9 ;4 
44 ;39 ;37 ;46 ;24 ;4 
42 ;39 ;36 ;7 ;29 ;35 
48 ;45 ;21 ;27 ;34 ;49 
17 ;28 ;13 ;44 ;47 ;12 
40 ;34 ;3 ;4 ;10 ;47 
27 ;32 ;1 ;19 ;26 ;48 
27 ;2 ;3 ;35 ;25 ;11 
33 ;15 ;31 ;19 ;25 ;22 
36 ;23 ;38 ;13 ;29 ;19 
23 ;13 ;34 ;25 ;2 ;27 
18 ;10 ;30 ;6 ;48 ;15 
17 ;10 ;32 ;33 ;14 ;36 
15 ;16 ;10 ;46 ;24 ;13 
9 ;13 ;28 ;47 ;35 ;46 
40 ;2 ;11 ;38 ;12 ;6 
4 ;44 ;26 ;1 ;48 ;14 
47 ;35 ;6 ;39 ;45 ;33 
19 ;48 ;43 ;3 ;17 ;8 
44 ;11 ;10 ;41 ;23 ;30 
48 ;26 ;32 ;6 ;35 ;18 
7 ;23 ;44 ;8 ;12 ;39 
47 ;14 ;28 ;8 ;9 ;37 
15 ;5 ;21 ;39 ;36 ;22 
40 ;14 ;34 ;22 ;38 ;48 
7 ;13 ;16 ;6 ;36 ;48 
32 ;2 ;30 ;38 ;25 ;49 
15 ;7 ;9 ;25 ;6 ;20 
1 ;11 ;41 ;27 ;2 ;46 
24 ;16 ;47 ;49 ;10 ;25 
18 ;31 ;19 ;26 ;41 ;14 
6 ;9 ;46 ;22 ;41 ;10 
4 ;1 ;35 ;19 ;11 ;43 
28 ;48 ;44 ;18 ;49 ;22 
29 ;15 ;17 ;42 ;32 ;16 
47 ;46 ;3 ;21 ;37 ;42 
6 ;7 ;15 ;42 ;33 ;47 
27 ;32 ;48 ;20 ;37 ;43 
24 ;37 ;1 ;21 ;23 ;15 
4 ;16 ;6 ;20 ;23 ;30 
14 ;25 ;26 ;38 ;1 ;41 
13 ;4 ;46 ;19 ;43 ;33 
48 ;11 ;46 ;14 ;37 ;30 
16 ;31 ;27 ;36 ;18 ;15 
11 ;26 ;13 ;25 ;30 ;10 
43 ;35 ;42 ;44 ;46 ;9 
13 ;41 ;17 ;45 ;15 ;11 
39 ;11 ;9 ;22 ;26 ;35 
41 ;27 ;19 ;26 ;47 ;8 
11 ;39 ;21 ;12 ;41 ;44 
10 ;25 ;48 ;49 ;45 ;18 
27 ;29 ;25 ;10 ;18 ;1 
23 ;38 ;6 ;1 ;44 ;2 
45 ;32 ;25 ;40 ;18 ;5 
2 ;20 ;31 ;37 ;27 ;49 
28 ;46 ;36 ;34 ;43 ;48 
11 ;7 ;17 ;36 ;26 ;19 
20 ;27 ;35 ;30 ;6 ;3 
5 ;21 ;4 ;10 ;34 ;11 
31 ;28 ;46 ;34 ;42 ;37 
44 ;12 ;38 ;6 ;20 ;49 
27 ;11 ;15 ;31 ;39 ;30 
35 ;23 ;38 ;5 ;19 ;22 
43 ;7 ;47 ;24 ;35 ;36 
40 ;46 ;19 ;3 ;17 ;29 
6 ;48 ;22 ;12 ;31 ;49 
30 ;23 ;38 ;1 ;37 ;24 
24 ;7 ;19 ;32 ;31 ;12 
8 ;4 ;44 ;30 ;28 ;40 
38 ;48 ;30 ;23 ;31 ;17 
19 ;2 ;20 ;37 ;8 ;23 
45 ;37 ;6 ;36 ;11 ;9 
4 ;24 ;26 ;8 ;22 ;38 
26 ;7 ;30 ;40 ;38 ;34 
26 ;23 ;30 ;34 ;44 ;48 
28 ;19 ;14 ;44 ;21 ;46 
14 ;17 ;29 ;45 ;23 ;11 
2 ;3 ;29 ;46 ;11 ;37 
39 ;28 ;40 ;7 ;1 ;11 
32 ;19 ;34 ;18 ;43 ;35 
3 ;32 ;12 ;30 ;4 ;26 
3 ;21 ;10 ;26 ;43 ;11 
34 ;23 ;17 ;5 ;33 ;38 
4 ;14 ;38 ;18 ;25 ;31 
28 ;13 ;40 ;24 ;31 ;32 
10 ;30 ;17 ;36 ;40 ;7 
15 ;27 ;32 ;14 ;45 ;37 
20 ;33 ;22 ;7 ;37 ;24 
9 ;31 ;1 ;36 ;7 ;19 
2 ;29 ;16 ;37 ;12 ;21 
5 ;6 ;36 ;16 ;9 ;29 
34 ;42 ;38 ;16 ;40 ;43 
8 ;42 ;38 ;21 ;1 ;28 
28 ;32 ;48 ;6 ;47 ;34 
30 ;7 ;36 ;14 ;17 ;43 
26 ;11 ;46 ;2 ;3 ;21 
29 ;10 ;25 ;18 ;7 ;32 
28 ;22 ;47 ;21 ;7 ;39 
21 ;16 ;47 ;32 ;26 ;2 
23 ;37 ;44 ;3 ;35 ;15 
26 ;32 ;1 ;16 ;41 ;35 
10 ;31 ;43 ;16 ;25 ;17 
2 ;13 ;10 ;39 ;24 ;9 
36 ;25 ;41 ;22 ;18 ;47 
1 ;30 ;42 ;23 ;24 ;28 
25 ;32 ;48 ;15 ;13 ;42 
37 ;21 ;10 ;39 ;41 ;23 
38 ;46 ;28 ;19 ;40 ;39 
49 ;4 ;43 ;5 ;9 ;47 
32 ;48 ;34 ;19 ;11 ;12 
5 ;35 ;42 ;33 ;48 ;9 
6 ;34 ;31 ;43 ;11 ;13 
49 ;38 ;21 ;22 ;45 ;1 
45 ;32 ;5 ;9 ;37 ;4 
22 ;39 ;1 ;29 ;23 ;49 
27 ;14 ;33 ;37 ;39 ;48 
37 ;22 ;10 ;5 ;11 ;27 
12 ;23 ;13 ;49 ;10 ;22 
47 ;1 ;49 ;36 ;35 ;18 
3 ;38 ;24 ;37 ;46 ;12 
31 ;34 ;41 ;44 ;37 ;48 
16 ;36 ;45 ;40 ;34 ;47 
41 ;16 ;38 ;36 ;34 ;9 
46 ;23 ;36 ;6 ;14 ;45 
45 ;20 ;32 ;12 ;16 ;37 
36 ;4 ;35 ;40 ;17 ;31 
36 ;41 ;38 ;43 ;45 ;34 
27 ;20 ;4 ;6 ;24 ;1 
18 ;32 ;39 ;42 ;43 ;21 
42 ;26 ;41 ;9 ;29 ;22 
35 ;25 ;46 ;47 ;20 ;8 
2 ;46 ;42 ;34 ;23 ;38 
1 ;34 ;17 ;44 ;33 ;6 
14 ;19 ;29 ;18 ;39 ;16 
22 ;30 ;40 ;1 ;36 ;14 
41 ;18 ;32 ;21 ;2 ;26 
24 ;23 ;38 ;9 ;33 ;3 
22 ;33 ;39 ;46 ;9 ;5 
17 ;32 ;31 ;5 ;40 ;11 
33 ;2 ;45 ;8 ;23 ;4 
36 ;17 ;10 ;30 ;28 ;49 
30 ;39 ;29 ;46 ;15 ;20 
16 ;15 ;47 ;37 ;21 ;35 
23 ;33 ;43 ;7 ;13 ;25 
35 ;8 ;15 ;4 ;10 ;12 
27 ;9 ;18 ;47 ;17 ;7 
46 ;38 ;18 ;13 ;31 ;24 
29 ;34 ;32 ;42 ;26 ;10 
29 ;23 ;49 ;13 ;8 ;5 
33 ;42 ;3 ;13 ;47 ;37 
46 ;36 ;28 ;49 ;6 ;9 
35 ;8 ;18 ;30 ;27 ;15 
18 ;38 ;42 ;33 ;14 ;27 
3 ;49 ;4 ;19 ;43 ;34 
39 ;45 ;9 ;33 ;43 ;29 
13 ;37 ;36 ;9 ;34 ;16 
46 ;34 ;15 ;28 ;6 ;27 
26 ;4 ;16 ;23 ;2 ;30 
2 ;1 ;48 ;3 ;5 ;47 
22 ;42 ;14 ;30 ;1 ;27 
34 ;45 ;49 ;23 ;10 ;31 
37 ;36 ;31 ;29 ;49 ;4 
47 ;41 ;12 ;37 ;21 ;11 
45 ;23 ;2 ;39 ;31 ;27 
31 ;11 ;4 ;24 ;9 ;29 
38 ;33 ;1 ;15 ;29 ;5 
47 ;23 ;12 ;6 ;27 ;15 
21 ;20 ;32 ;3 ;29 ;16 
3 ;47 ;49 ;24 ;38 ;37 
8 ;12 ;19 ;17 ;21 ;25 
47 ;33 ;17 ;9 ;10 ;46 
46 ;38 ;7 ;9 ;25 ;15 
19 ;32 ;20 ;40 ;27 ;4 
13 ;31 ;44 ;8 ;41 ;17 
32 ;22 ;44 ;19 ;31 ;48 
32 ;48 ;3 ;5 ;12 ;25 
21 ;6 ;43 ;3 ;12 ;4 
38 ;44 ;39 ;2 ;16 ;17 
35 ;36 ;21 ;13 ;45 ;46 
37 ;25 ;19 ;31 ;13 ;21 
42 ;8 ;43 ;31 ;37 ;38 
4 ;15 ;8 ;44 ;48 ;17 
11 ;34 ;33 ;38 ;17 ;2 
24 ;12 ;22 ;32 ;15 ;34 
36 ;22 ;35 ;31 ;6 ;9 
32 ;44 ;2 ;15 ;24 ;39 
26 ;9 ;6 ;18 ;48 ;46 
2 ;5 ;23 ;47 ;40 ;18 
43 ;44 ;14 ;46 ;35 ;6 
17 ;36 ;6 ;48 ;20 ;45 
42 ;21 ;44 ;24 ;8 ;27 
1 ;14 ;12 ;13 ;48 ;33 
32 ;42 ;41 ;10 ;15 ;48 
11 ;48 ;23 ;20 ;33 ;29 
5 ;48 ;25 ;35 ;21 ;36 
47 ;30 ;6 ;24 ;20 ;39 
5 ;46 ;37 ;20 ;9 ;10 
28 ;8 ;40 ;19 ;39 ;36 
49 ;38 ;25 ;30 ;5 ;36 
47 ;8 ;5 ;39 ;29 ;32 
39 ;8 ;2 ;19 ;1 ;26 
42 ;46 ;34 ;33 ;19 ;41 
44 ;7 ;47 ;39 ;18 ;3 
34 ;29 ;9 ;24 ;30 ;45 
10 ;24 ;7 ;44 ;29 ;16 
46 ;28 ;30 ;44 ;34 ;29 
38 ;8 ;19 ;14 ;41 ;43 
40 ;5 ;30 ;22 ;27 ;44 
21 ;29 ;2 ;39 ;37 ;6 
41 ;15 ;28 ;26 ;39 ;25 
15 ;30 ;28 ;26 ;6 ;20 
26 ;40 ;36 ;19 ;42 ;41 
34 ;39 ;8 ;43 ;35 ;21 
8 ;19 ;31 ;39 ;1 ;4 
9 ;22 ;20 ;49 ;36 ;5 
45 ;35 ;49 ;17 ;30 ;5 
37 ;40 ;45 ;9 ;31 ;36 
31 ;8 ;23 ;45 ;4 ;48 
6 ;19 ;3 ;22 ;12 ;2 
4 ;20 ;45 ;5 ;33 ;27 
17 ;18 ;21 ;24 ;33 ;34 
19 ;38 ;46 ;28 ;33 ;36 
36 ;42 ;37 ;15 ;28 ;21 
39 ;11 ;22 ;41 ;49 ;43 
5 ;10 ;26 ;33 ;47 ;12 
37 ;32 ;41 ;12 ;10 ;4 
38 ;40 ;7 ;1 ;23 ;49 
34 ;27 ;3 ;40 ;24 ;23 
38 ;45 ;30 ;10 ;47 ;5 
40 ;18 ;25 ;12 ;48 ;5 
33 ;12 ;43 ;42 ;6 ;21 
34 ;16 ;28 ;27 ;49 ;21 
14 ;38 ;48 ;28 ;21 ;24 
1 ;44 ;14 ;26 ;16 ;35 
16 ;23 ;10 ;45 ;21 ;14 
34 ;13 ;28 ;33 ;31 ;35 
4 ;44 ;35 ;40 ;28 ;20 
42 ;13 ;6 ;17 ;44 ;1 
35 ;29 ;42 ;37 ;39 ;44 
46 ;25 ;42 ;11 ;18 ;43 
27 ;13 ;16 ;1 ;49 ;33 
45 ;8 ;27 ;29 ;22 ;18 
43 ;33 ;42 ;17 ;9 ;30 
12 ;5 ;41 ;17 ;10 ;11 
29 ;5 ;45 ;34 ;8 ;49 
21 ;40 ;38 ;18 ;39 ;41 
32 ;15 ;21 ;10 ;16 ;19 
2 ;43 ;20 ;33 ;40 ;41 
4 ;32 ;31 ;18 ;21 ;12 
47 ;6 ;5 ;2 ;22 ;7 
4 ;10 ;44 ;17 ;36 ;31 
39 ;6 ;35 ;7 ;21 ;18 
11 ;7 ;34 ;42 ;26 ;8 
22 ;47 ;45 ;29 ;25 ;3 
12 ;7 ;44 ;3 ;33 ;49 
42 ;27 ;3 ;22 ;32 ;16 
47 ;27 ;23 ;45 ;19 ;49 
9 ;19 ;36 ;39 ;5 ;42 
21 ;22 ;4 ;44 ;23 ;7 
48 ;7 ;20 ;42 ;29 ;27 
48 ;21 ;31 ;24 ;14 ;34 
2 ;18 ;26 ;45 ;43 ;1 
48 ;34 ;44 ;12 ;22 ;11 
6 ;12 ;49 ;29 ;18 ;16 
19 ;23 ;7 ;33 ;42 ;38 
18 ;44 ;30 ;41 ;8 ;2 
49 ;30 ;26 ;29 ;21 ;39 
43 ;5 ;34 ;20 ;29 ;18 
39 ;35 ;32 ;46 ;2 ;49 
42 ;2 ;20 ;37 ;18 ;3 
30 ;45 ;49 ;17 ;21 ;44 
23 ;40 ;48 ;43 ;37 ;7 
16 ;18 ;31 ;8 ;43 ;3 
45 ;1 ;20 ;13 ;30 ;34 
49 ;12 ;19 ;30 ;9 ;33 
7 ;49 ;22 ;24 ;1 ;32 
4 ;9 ;10 ;30 ;43 ;19 
40 ;32 ;41 ;3 ;2 ;30 
14 ;26 ;21 ;2 ;45 ;41 
8 ;9 ;3 ;38 ;34 ;13 
23 ;2 ;13 ;5 ;19 ;22 
40 ;38 ;13 ;21 ;22 ;48 
22 ;25 ;12 ;43 ;44 ;38 
36 ;7 ;35 ;16 ;15 ;32 
21 ;3 ;36 ;20 ;15 ;9 
36 ;26 ;43 ;3 ;19 ;45 
35 ;2 ;49 ;20 ;37 ;36 
14 ;1 ;42 ;19 ;32 ;29 
45 ;22 ;36 ;24 ;28 ;44 
22 ;26 ;1 ;20 ;23 ;15 
9 ;2 ;48 ;25 ;13 ;47 
39 ;40 ;6 ;11 ;21 ;9 
41 ;38 ;29 ;11 ;42 ;22 
19 ;2 ;46 ;9 ;38 ;28 
3 ;10 ;24 ;31 ;48 ;9 
46 ;13 ;33 ;6 ;41 ;17 
20 ;2 ;43 ;33 ;12 ;32 
27 ;8 ;6 ;21 ;36 ;30 
29 ;11 ;18 ;12 ;38 ;39 
11 ;26 ;44 ;30 ;41 ;14 
14 ;15 ;34 ;11 ;49 ;19 
43 ;29 ;14 ;30 ;18 ;39 
16 ;2 ;24 ;47 ;14 ;30 
19 ;27 ;28 ;8 ;5 ;40 
25 ;39 ;36 ;10 ;4 ;8 
23 ;11 ;44 ;34 ;6 ;48 
6 ;37 ;25 ;38 ;39 ;42 
17 ;30 ;38 ;7 ;12 ;24 
23 ;1 ;21 ;7 ;30 ;10 
44 ;21 ;2 ;40 ;22 ;31 
43 ;29 ;13 ;11 ;26 ;22 
18 ;15 ;11 ;28 ;5 ;41 
7 ;17 ;46 ;40 ;49 ;23 
35 ;39 ;47 ;16 ;48 ;32 
42 ;16 ;15 ;2 ;46 ;29 
47 ;31 ;13 ;38 ;32 ;2 
11 ;45 ;26 ;43 ;46 ;12 
15 ;32 ;9 ;7 ;33 ;10 
21 ;14 ;39 ;8 ;15 ;27 
1 ;18 ;39 ;41 ;26 ;32 
9 ;43 ;31 ;29 ;21 ;37 
21 ;47 ;40 ;48 ;43 ;34 
24 ;16 ;19 ;12 ;39 ;25 
20 ;36 ;12 ;33 ;41 ;46 
11 ;31 ;39 ;43 ;20 ;18 
41 ;46 ;47 ;28 ;43 ;25 
24 ;8 ;21 ;49 ;46 ;48 
19 ;17 ;41 ;31 ;8 ;11 
46 ;26 ;45 ;24 ;27 ;43 
32 ;29 ;2 ;9 ;11 ;35 
6 ;47 ;22 ;26 ;28 ;16 
32 ;3 ;28 ;40 ;49 ;14 
42 ;46 ;14 ;31 ;1 ;40 
9 ;12 ;45 ;25 ;28 ;26 
39 ;10 ;3 ;42 ;32 ;17 
35 ;33 ;40 ;36 ;8 ;6 
34 ;47 ;21 ;17 ;38 ;45 
26 ;29 ;28 ;11 ;14 ;5 
22 ;42 ;37 ;21 ;16 ;49 
13 ;24 ;35 ;19 ;20 ;3 
27 ;44 ;28 ;30 ;39 ;47 
12 ;39 ;40 ;29 ;10 ;17 
40 ;10 ;8 ;30 ;43 ;21 
25 ;9 ;4 ;8 ;16 ;22 
45 ;35 ;18 ;10 ;14 ;40 
41 ;19 ;28 ;2 ;23 ;17 
27 ;12 ;30 ;41 ;8 ;1 
39 ;44 ;28 ;36 ;48 ;31 
36 ;41 ;4 ;10 ;33 ;32 
48 ;39 ;30 ;40 ;4 ;5 
8 ;35 ;2 ;38 ;3 ;34 
2 ;37 ;26 ;17 ;18 ;16 
3 ;16 ;36 ;38 ;12 ;39 
20 ;2 ;39 ;40 ;15 ;33 
37 ;15 ;35 ;14 ;40 ;36 
38 ;40 ;9 ;49 ;10 ;5 
35 ;9 ;11 ;10 ;2 ;24 
24 ;22 ;42 ;33 ;5 ;38 
15 ;21 ;38 ;19 ;14 ;33 
20 ;45 ;26 ;27 ;40 ;37 
21 ;43 ;29 ;33 ;6 ;45 
42 ;36 ;48 ;41 ;9 ;21 
1 ;28 ;4 ;30 ;41 ;15 
9 ;49 ;45 ;11 ;41 ;32 
41 ;29 ;27 ;17 ;15 ;30 
35 ;46 ;32 ;16 ;27 ;25 
15 ;43 ;40 ;47 ;31 ;16 
43 ;9 ;19 ;8 ;24 ;34 
2 ;49 ;34 ;40 ;45 ;23 
25 ;48 ;18 ;26 ;1 ;46 
34 ;21 ;48 ;49 ;25 ;14 
3 ;10 ;48 ;46 ;27 ;13 
12 ;13 ;32 ;48 ;4 ;11 
29 ;17 ;26 ;47 ;43 ;40 
45 ;22 ;49 ;12 ;30 ;3 
24 ;2 ;48 ;18 ;36 ;15 
20 ;8 ;47 ;31 ;40 ;25 
3 ;17 ;46 ;11 ;20 ;41 
22 ;21 ;40 ;43 ;45 ;9 
26 ;20 ;10 ;22 ;1 ;40 
32 ;34 ;46 ;44 ;14 ;11 
26 ;13 ;21 ;48 ;49 ;44 
7 ;49 ;33 ;14 ;24 ;43 
22 ;8 ;5 ;49 ;25 ;31 
14 ;17 ;33 ;38 ;1 ;47 
33 ;40 ;36 ;23 ;10 ;6 
4 ;15 ;3 ;28 ;49 ;25 
40 ;12 ;11 ;36 ;33 ;39 
22 ;40 ;12 ;26 ;41 ;27 
5 ;38 ;9 ;18 ;24 ;25 
39 ;46 ;43 ;48 ;33 ;10 
29 ;11 ;15 ;3 ;21 ;37 
2 ;7 ;20 ;6 ;39 ;4 
8 ;27 ;17 ;14 ;36 ;45 
4 ;12 ;19 ;36 ;14 ;7 
32 ;10 ;19 ;28 ;7 ;38 
10 ;18 ;21 ;46 ;3 ;15 
4 ;12 ;18 ;42 ;38 ;21 
49 ;37 ;36 ;29 ;38 ;39 
32 ;1 ;6 ;23 ;29 ;38 
34 ;41 ;9 ;22 ;45 ;38 
10 ;31 ;45 ;44 ;39 ;7 
15 ;49 ;48 ;13 ;8 ;6 
29 ;35 ;12 ;49 ;9 ;3 
24 ;2 ;42 ;17 ;43 ;40 
13 ;21 ;40 ;43 ;22 ;25 
45 ;44 ;35 ;21 ;17 ;15 
48 ;5 ;45 ;2 ;24 ;16 
38 ;36 ;35 ;44 ;11 ;6 
41 ;44 ;38 ;3 ;24 ;19 
46 ;12 ;33 ;6 ;19 ;23 
31 ;3 ;29 ;14 ;49 ;6 
16 ;46 ;7 ;38 ;32 ;48 
14 ;38 ;36 ;25 ;24 ;23 
6 ;7 ;28 ;3 ;10 ;25 
38 ;22 ;44 ;28 ;21 ;5 
34 ;18 ;2 ;11 ;46 ;14 
38 ;5 ;17 ;29 ;39 ;28 
32 ;49 ;6 ;24 ;8 ;29 
36 ;12 ;4 ;17 ;35 ;7 
12 ;5 ;11 ;25 ;15 ;48 
12 ;48 ;44 ;14 ;24 ;18 
5 ;39 ;43 ;3 ;36 ;14 
39 ;32 ;3 ;5 ;6 ;38 
42 ;14 ;10 ;48 ;46 ;26 
33 ;19 ;44 ;46 ;39 ;24 
47 ;31 ;46 ;18 ;2 ;30 
1 ;19 ;27 ;2 ;49 ;9 
21 ;15 ;23 ;49 ;44 ;38 
19 ;13 ;10 ;29 ;30 ;4 
49 ;14 ;1 ;21 ;45 ;11 
30 ;35 ;44 ;48 ;41 ;9 
25 ;22 ;20 ;49 ;32 ;44 
22 ;37 ;40 ;16 ;24 ;2 
41 ;5 ;36 ;18 ;14 ;21 
27 ;18 ;3 ;17 ;49 ;16 
9 ;48 ;17 ;7 ;12 ;16 
1 ;32 ;17 ;49 ;43 ;44 
17 ;26 ;20 ;11 ;49 ;13 
7 ;48 ;30 ;24 ;45 ;10 
15 ;24 ;5 ;46 ;29 ;40 
46 ;4 ;34 ;41 ;27 ;29 
46 ;20 ;17 ;15 ;4 ;47 
47 ;49 ;20 ;3 ;22 ;35 
20 ;37 ;17 ;40 ;8 ;36 
39 ;34 ;7 ;44 ;2 ;43 
40 ;8 ;1 ;37 ;26 ;47 
19 ;11 ;38 ;21 ;18 ;2 
24 ;32 ;36 ;35 ;40 ;15 
2 ;42 ;40 ;1 ;37 ;21 
43 ;3 ;6 ;27 ;40 ;1 
12 ;42 ;49 ;16 ;28 ;14 
41 ;23 ;33 ;34 ;16 ;14 
10 ;14 ;34 ;27 ;7 ;42 
21 ;1 ;6 ;30 ;45 ;31 
17 ;7 ;8 ;20 ;26 ;2 
42 ;48 ;40 ;44 ;6 ;19 
8 ;48 ;16 ;45 ;41 ;26 
30 ;31 ;40 ;23 ;17 ;19 
2 ;13 ;6 ;38 ;27 ;24 
12 ;25 ;3 ;4 ;8 ;1 
49 ;8 ;2 ;37 ;30 ;40 
21 ;32 ;34 ;49 ;42 ;45 
24 ;43 ;26 ;39 ;17 ;49 
40 ;26 ;42 ;46 ;17 ;25 
40 ;48 ;15 ;45 ;3 ;36 
20 ;33 ;3 ;42 ;25 ;4 
31 ;19 ;17 ;18 ;8 ;41 
3 ;20 ;36 ;41 ;13 ;27 
46 ;32 ;30 ;2 ;14 ;44 
14 ;37 ;36 ;35 ;21 ;26 
38 ;37 ;22 ;46 ;48 ;4 
12 ;4 ;20 ;16 ;43 ;19 
39 ;25 ;18 ;2 ;28 ;12 
13 ;40 ;35 ;16 ;22 ;21 
44 ;9 ;36 ;25 ;7 ;46 
6 ;21 ;46 ;11 ;43 ;16 
6 ;48 ;34 ;22 ;35 ;49 
39 ;43 ;5 ;4 ;20 ;1 
44 ;41 ;17 ;2 ;5 ;38 
16 ;15 ;17 ;1 ;31 ;27 
19 ;16 ;30 ;13 ;45 ;46 
41 ;21 ;9 ;49 ;7 ;29 
21 ;4 ;36 ;41 ;34 ;37 
30 ;5 ;42 ;3 ;9 ;38 
48 ;33 ;47 ;49 ;28 ;46 
31 ;3 ;28 ;40 ;37 ;12 
36 ;17 ;16 ;39 ;14 ;2 
17 ;35 ;19 ;28 ;12 ;18 
12 ;33 ;25 ;4 ;28 ;49 
36 ;47 ;44 ;13 ;26 ;10 
31 ;10 ;25 ;1 ;19 ;34 
18 ;1 ;25 ;8 ;2 ;24 
16 ;48 ;37 ;32 ;7 ;49 
25 ;11 ;37 ;34 ;10 ;22 
7 ;1 ;22 ;32 ;20 ;37 
45 ;6 ;17 ;34 ;1 ;3 
41 ;30 ;21 ;13 ;31 ;10 
11 ;8 ;5 ;46 ;45 ;32 
42 ;48 ;26 ;3 ;22 ;16 
43 ;20 ;5 ;28 ;45 ;39 
49 ;6 ;31 ;34 ;42 ;44 
26 ;24 ;29 ;43 ;8 ;28 
30 ;36 ;31 ;20 ;35 ;26 
16 ;46 ;1 ;4 ;43 ;48 
27 ;32 ;41 ;42 ;47 ;45 
39 ;1 ;43 ;2 ;47 ;49 
30 ;49 ;7 ;10 ;6 ;40 
19 ;12 ;26 ;21 ;9 ;47 
29 ;14 ;42 ;3 ;34 ;6 
21 ;6 ;38 ;48 ;35 ;22 
35 ;34 ;2 ;21 ;41 ;31 
1 ;48 ;39 ;49 ;11 ;46 
44 ;33 ;25 ;22 ;2 ;9 
28 ;14 ;31 ;38 ;30 ;21 
48 ;11 ;41 ;38 ;19 ;4 
41 ;9 ;40 ;2 ;21 ;23 
20 ;36 ;27 ;33 ;23 ;41 
19 ;14 ;1 ;21 ;23 ;36 
1 ;41 ;9 ;24 ;15 ;23 
26 ;34 ;43 ;17 ;32 ;22 
23 ;26 ;14 ;19 ;33 ;29 
14 ;39 ;24 ;8 ;37 ;4 
25 ;42 ;14 ;17 ;47 ;18 
6 ;41 ;26 ;49 ;27 ;32 
34 ;25 ;8 ;28 ;39 ;13 
43 ;17 ;2 ;15 ;21 ;45 
19 ;49 ;15 ;18 ;20 ;42 
23 ;17 ;33 ;32 ;31 ;40 
37 ;11 ;7 ;10 ;48 ;17 
16 ;29 ;27 ;5 ;9 ;18 
29 ;47 ;19 ;20 ;7 ;3 
2 ;27 ;34 ;36 ;14 ;30 
29 ;16 ;28 ;33 ;37 ;42 
24 ;27 ;3 ;1 ;19 ;4 
18 ;1 ;6 ;3 ;28 ;7 
35 ;40 ;27 ;13 ;46 ;15 
12 ;41 ;42 ;28 ;21 ;33 
3 ;2 ;38 ;40 ;19 ;12 
26 ;15 ;29 ;49 ;47 ;39 
20 ;5 ;30 ;23 ;48 ;41 
29 ;10 ;7 ;25 ;16 ;23 
6 ;46 ;42 ;23 ;41 ;47 
30 ;40 ;8 ;27 ;46 ;49 
37 ;20 ;46 ;38 ;23 ;45 
43 ;25 ;17 ;42 ;39 ;34 
40 ;1 ;4 ;11 ;24 ;5 
9 ;31 ;13 ;25 ;44 ;24 
49 ;39 ;28 ;43 ;14 ;19 
17 ;38 ;30 ;3 ;16 ;4 
19 ;5 ;28 ;46 ;45 ;18 
18 ;23 ;47 ;16 ;38 ;29 
22 ;32 ;9 ;17 ;21 ;33 
27 ;3 ;11 ;36 ;42 ;6 
45 ;35 ;46 ;27 ;10 ;43 
39 ;2 ;21 ;47 ;42 ;29 
12 ;25 ;40 ;11 ;2 ;14 
28 ;42 ;31 ;7 ;18 ;15 
36 ;31 ;49 ;38 ;23 ;40 
25 ;23 ;10 ;29 ;26 ;49 
19 ;49 ;12 ;30 ;26 ;8 
13 ;17 ;15 ;44 ;7 ;46 
41 ;19 ;4 ;7 ;29 ;8 
3 ;17 ;35 ;33 ;23 ;6 
1 ;17 ;42 ;9 ;6 ;20 
26 ;48 ;5 ;24 ;16 ;35 
13 ;46 ;1 ;37 ;26 ;5 
43 ;33 ;48 ;4 ;13 ;3 
8 ;32 ;20 ;33 ;49 ;43 
19 ;27 ;3 ;31 ;24 ;14 
49 ;34 ;39 ;21 ;20 ;42 
21 ;8 ;13 ;29 ;26 ;9 
39 ;6 ;22 ;34 ;20 ;10 
25 ;30 ;1 ;43 ;39 ;26 
11 ;40 ;43 ;22 ;28 ;37 
48 ;37 ;28 ;19 ;25 ;17 
47 ;1 ;42 ;48 ;34 ;3 
26 ;31 ;1 ;45 ;12 ;28 
31 ;3 ;21 ;46 ;22 ;23 
1 ;18 ;23 ;38 ;30 ;8 
46 ;25 ;28 ;14 ;11 ;30 
25 ;33 ;22 ;43 ;48 ;8 
15 ;25 ;18 ;48 ;36 ;10 
9 ;7 ;18 ;40 ;32 ;26 
9 ;46 ;17 ;6 ;23 ;28 
13 ;11 ;35 ;16 ;30 ;48 
26 ;37 ;6 ;27 ;38 ;12 
43 ;6 ;4 ;24 ;23 ;1 
18 ;7 ;26 ;31 ;39 ;13 
24 ;21 ;31 ;30 ;46 ;20 
41 ;22 ;11 ;28 ;49 ;16 
31 ;20 ;18 ;43 ;3 ;49 
17 ;10 ;16 ;42 ;30 ;39 
39 ;44 ;12 ;35 ;36 ;38 
5 ;4 ;31 ;35 ;45 ;1 
45 ;25 ;34 ;9 ;8 ;26 
46 ;11 ;24 ;39 ;3 ;21 
49 ;22 ;47 ;19 ;37 ;39 
40 ;20 ;18 ;2 ;9 ;24 
35 ;41 ;45 ;29 ;34 ;7 
36 ;1 ;48 ;23 ;31 ;24 
46 ;19 ;39 ;37 ;6 ;34 
8 ;25 ;33 ;31 ;15 ;32 
15 ;33 ;9 ;40 ;21 ;20 
17 ;27 ;11 ;45 ;34 ;20 
19 ;33 ;31 ;17 ;49 ;3 
41 ;7 ;39 ;48 ;11 ;2 
24 ;40 ;42 ;39 ;1 ;25 
20 ;30 ;43 ;33 ;5 ;37 
21 ;32 ;3 ;16 ;39 ;34 
33 ;32 ;4 ;31 ;39 ;36 
31 ;11 ;24 ;25 ;1 ;45 
20 ;32 ;21 ;24 ;25 ;2 
17 ;38 ;8 ;37 ;31 ;22 
22 ;37 ;13 ;15 ;28 ;48 
44 ;4 ;41 ;29 ;21 ;15 
12 ;26 ;44 ;35 ;7 ;14 
1 ;20 ;38 ;12 ;39 ;30 
14 ;10 ;17 ;32 ;19 ;31 
26 ;46 ;2 ;3 ;33 ;25 
8 ;41 ;7 ;3 ;20 ;15 
49 ;22 ;17 ;8 ;3 ;2 
30 ;40 ;38 ;32 ;20 ;39 
31 ;8 ;26 ;7 ;5 ;40 
45 ;12 ;18 ;17 ;13 ;32 
37 ;4 ;7 ;24 ;20 ;47 
21 ;24 ;48 ;29 ;4 ;22 
39 ;7 ;49 ;32 ;1 ;47 
41 ;42 ;47 ;45 ;30 ;23 
27 ;31 ;24 ;26 ;45 ;38 
12 ;26 ;3 ;45 ;33 ;6 
19 ;6 ;26 ;44 ;45 ;15 
41 ;48 ;43 ;37 ;36 ;20 
48 ;29 ;11 ;35 ;28 ;10 
41 ;16 ;38 ;48 ;6 ;44 
36 ;25 ;27 ;21 ;22 ;16 
24 ;39 ;20 ;4 ;16 ;3 
20 ;8 ;33 ;5 ;30 ;49 
13 ;37 ;49 ;30 ;43 ;28 
1 ;40 ;36 ;2 ;5 ;21 
35 ;2 ;25 ;26 ;22 ;7 
2 ;26 ;33 ;41 ;1 ;27 
20 ;39 ;29 ;31 ;19 ;27 
12 ;45 ;2 ;16 ;29 ;21 
10 ;7 ;42 ;19 ;4 ;12 
47 ;31 ;30 ;27 ;36 ;38 
36 ;45 ;6 ;12 ;21 ;47 
31 ;17 ;11 ;44 ;14 ;30 
3 ;8 ;22 ;27 ;15 ;23 
13 ;32 ;3 ;26 ;37 ;24 
17 ;37 ;31 ;39 ;12 ;36 
46 ;4 ;6 ;3 ;23 ;16 
16 ;24 ;44 ;49 ;35 ;3 
22 ;5 ;1 ;28 ;27 ;24 
31 ;33 ;21 ;15 ;22 ;13 
46 ;31 ;20 ;12 ;48 ;42 
45 ;38 ;9 ;35 ;6 ;39 
32 ;27 ;47 ;2 ;45 ;29 
22 ;46 ;48 ;43 ;28 ;29 
41 ;42 ;12 ;32 ;27 ;28 
40 ;29 ;32 ;8 ;22 ;19 
14 ;27 ;32 ;22 ;10 ;49 
48 ;6 ;14 ;9 ;42 ;45 
47 ;20 ;10 ;22 ;17 ;9 
42 ;23 ;6 ;22 ;7 ;46 
41 ;24 ;28 ;3 ;40 ;45 
13 ;38 ;43 ;1 ;42 ;37 
33 ;14 ;4 ;1 ;27 ;30 
23 ;42 ;1 ;32 ;48 ;6 
26 ;18 ;33 ;36 ;20 ;47 
7 ;47 ;27 ;30 ;37 ;25 
49 ;40 ;18 ;34 ;28 ;4 
1 ;38 ;33 ;4 ;20 ;14 
38 ;49 ;32 ;12 ;19 ;3 
23 ;20 ;8 ;2 ;49 ;41 
42 ;21 ;32 ;18 ;7 ;23 
24 ;12 ;15 ;47 ;49 ;11 
29 ;9 ;4 ;7 ;16 ;26 
10 ;5 ;13 ;16 ;31 ;22 
45 ;10 ;12 ;40 ;35 ;19 
33 ;39 ;19 ;1 ;4 ;38 
27 ;35 ;7 ;37 ;33 ;18 
23 ;31 ;6 ;34 ;40 ;25 
27 ;7 ;33 ;14 ;23 ;36 
10 ;11 ;35 ;46 ;9 ;27 
17 ;28 ;30 ;43 ;12 ;25 
38 ;43 ;12 ;31 ;10 ;49 
31 ;18 ;35 ;22 ;45 ;33 
39 ;31 ;12 ;7 ;24 ;30 
31 ;26 ;35 ;25 ;38 ;19 
1 ;3 ;13 ;11 ;44 ;9 
3 ;38 ;25 ;29 ;30 ;9 
26 ;15 ;17 ;29 ;42 ;9 
47 ;4 ;2 ;13 ;49 ;26 
48 ;28 ;36 ;40 ;39 ;3 
36 ;49 ;28 ;19 ;48 ;17 
33 ;25 ;38 ;15 ;9 ;49 
17 ;2 ;32 ;45 ;3 ;46 
31 ;43 ;27 ;32 ;7 ;3 
8 ;38 ;32 ;39 ;27 ;12 
7 ;16 ;32 ;46 ;13 ;40 
35 ;42 ;2 ;19 ;18 ;5 
44 ;32 ;4 ;12 ;30 ;14 
16 ;17 ;33 ;40 ;26 ;31 
35 ;18 ;15 ;7 ;41 ;44 
8 ;1 ;43 ;10 ;45 ;6 
30 ;17 ;47 ;40 ;32 ;37 
32 ;8 ;38 ;40 ;27 ;21 
3 ;32 ;27 ;34 ;33 ;16 
12 ;44 ;35 ;39 ;11 ;4 
13 ;44 ;16 ;7 ;26 ;46 
16 ;4 ;5 ;44 ;18 ;24 
19 ;14 ;20 ;43 ;2 ;32 
22 ;8 ;14 ;36 ;2 ;5 
39 ;35 ;31 ;37 ;46 ;29 
37 ;3 ;23 ;7 ;44 ;25 
13 ;45 ;25 ;2 ;35 ;46 
21 ;25 ;9 ;37 ;44 ;11 
28 ;39 ;16 ;11 ;3 ;49 
9 ;47 ;46 ;10 ;41 ;29 
22 ;6 ;45 ;38 ;41 ;13 
24 ;4 ;29 ;43 ;34 ;32 
3 ;1 ;7 ;41 ;32 ;46 
13 ;30 ;11 ;18 ;15 ;10 
17 ;23 ;20 ;9 ;24 ;31 
30 ;8 ;44 ;32 ;48 ;40 
10 ;1 ;26 ;38 ;46 ;13 
12 ;45 ;41 ;1 ;9 ;30 
32 ;26 ;29 ;43 ;8 ;4 
29 ;44 ;17 ;25 ;23 ;42 
40 ;2 ;41 ;13 ;11 ;10 
21 ;48 ;8 ;12 ;15 ;5 
41 ;42 ;23 ;36 ;20 ;1 
21 ;41 ;5 ;46 ;23 ;19 
29 ;26 ;48 ;45 ;42 ;20 
28 ;9 ;10 ;1 ;49 ;46 
45 ;5 ;43 ;2 ;22 ;44 
37 ;17 ;48 ;43 ;9 ;18 
12 ;15 ;32 ;17 ;41 ;25 
20 ;6 ;1 ;45 ;46 ;33 
5 ;11 ;47 ;29 ;13 ;35 
23 ;41 ;34 ;7 ;2 ;47 
24 ;25 ;20 ;35 ;7 ;19 
15 ;3 ;47 ;17 ;32 ;14 
6 ;32 ;15 ;33 ;12 ;5 
38 ;46 ;26 ;9 ;5 ;12 
25 ;5 ;20 ;26 ;41 ;27 
43 ;31 ;26 ;44 ;42 ;28 
40 ;35 ;16 ;33 ;21 ;5 
2 ;39 ;6 ;30 ;16 ;26 
11 ;7 ;37 ;26 ;19 ;20 
8 ;43 ;4 ;6 ;9 ;29 
17 ;19 ;6 ;30 ;28 ;16 
49 ;12 ;9 ;20 ;37 ;11 
32 ;40 ;6 ;24 ;3 ;11 
46 ;32 ;44 ;28 ;23 ;9 
39 ;3 ;48 ;16 ;37 ;47 
19 ;35 ;24 ;39 ;6 ;9 
47 ;2 ;33 ;1 ;23 ;34 
15 ;40 ;30 ;38 ;8 ;22 
38 ;2 ;43 ;7 ;47 ;16 
3 ;30 ;15 ;8 ;17 ;10 
45 ;25 ;17 ;8 ;2 ;11 
7 ;36 ;14 ;49 ;29 ;25 
18 ;13 ;40 ;43 ;35 ;3 
38 ;29 ;6 ;35 ;47 ;3 
32 ;2 ;44 ;15 ;1 ;28 
23 ;46 ;38 ;2 ;45 ;25 
16 ;44 ;12 ;43 ;38 ;25 
23 ;31 ;24 ;25 ;39 ;36 
31 ;13 ;33 ;7 ;2 ;30 
16 ;44 ;39 ;38 ;46 ;24 
16 ;12 ;38 ;3 ;19 ;2 
2 ;40 ;20 ;9 ;7 ;16 
23 ;8 ;42 ;37 ;4 ;9 
23 ;43 ;19 ;25 ;24 ;37 
31 ;9 ;5 ;16 ;15 ;10 
34 ;49 ;37 ;2 ;44 ;20 
40 ;34 ;49 ;9 ;39 ;10 
9 ;10 ;33 ;46 ;16 ;8 
31 ;49 ;15 ;19 ;21 ;22 
36 ;13 ;20 ;14 ;9 ;44 
18 ;47 ;5 ;3 ;17 ;34 
49 ;41 ;29 ;3 ;27 ;45 
48 ;5 ;25 ;20 ;49 ;39 
43 ;16 ;17 ;26 ;30 ;41 
8 ;15 ;1 ;27 ;12 ;34 
5 ;16 ;24 ;20 ;35 ;17 
31 ;36 ;37 ;25 ;15 ;41 
7 ;27 ;21 ;5 ;36 ;9 
12 ;13 ;22 ;39 ;48 ;45 
11 ;32 ;48 ;36 ;30 ;29 
32 ;12 ;46 ;40 ;14 ;3 
29 ;17 ;20 ;40 ;9 ;18 
20 ;41 ;38 ;6 ;32 ;40 
34 ;11 ;47 ;18 ;20 ;27 
3 ;30 ;36 ;7 ;19 ;24 
44 ;39 ;47 ;49 ;37 ;2 
24 ;37 ;6 ;13 ;22 ;42 
40 ;24 ;36 ;15 ;11 ;42 
36 ;37 ;42 ;28 ;15 ;2 
21 ;20 ;30 ;9 ;10 ;34 
13 ;37 ;16 ;19 ;27 ;32 
22 ;7 ;9 ;3 ;14 ;35 
29 ;24 ;28 ;21 ;3 ;36 
40 ;23 ;3 ;44 ;25 ;48 
1 ;32 ;22 ;40 ;33 ;37 
13 ;12 ;18 ;10 ;32 ;11 
45 ;18 ;2 ;47 ;42 ;27 
24 ;45 ;26 ;44 ;12 ;7 
43 ;47 ;8 ;36 ;32 ;38 
48 ;3 ;6 ;26 ;2 ;1 
28 ;34 ;49 ;31 ;35 ;8 
19 ;17 ;42 ;26 ;43 ;10 
18 ;29 ;33 ;16 ;48 ;34 
35 ;21 ;43 ;36 ;19 ;47 
42 ;5 ;47 ;30 ;27 ;46 
13 ;26 ;47 ;25 ;23 ;16 
7 ;27 ;24 ;34 ;31 ;44 
12 ;1 ;35 ;41 ;26 ;7 
23 ;18 ;8 ;25 ;38 ;42 
29 ;44 ;18 ;4 ;14 ;15 
38 ;29 ;47 ;5 ;21 ;43 
34 ;10 ;25 ;36 ;18 ;26 
17 ;1 ;4 ;33 ;31 ;49 
18 ;9 ;38 ;8 ;29 ;46 
37 ;25 ;17 ;43 ;2 ;26 
2 ;23 ;14 ;41 ;8 ;40 
23 ;29 ;25 ;3 ;35 ;36 
1 ;3 ;4 ;39 ;41 ;43 
35 ;49 ;34 ;7 ;47 ;11 
16 ;4 ;41 ;1 ;44 ;9 
10 ;29 ;23 ;6 ;20 ;45 
16 ;6 ;31 ;45 ;9 ;13 
28 ;47 ;23 ;48 ;15 ;25 
16 ;3 ;5 ;9 ;41 ;34 
42 ;34 ;43 ;26 ;32 ;21 
35 ;46 ;42 ;3 ;26 ;16 
7 ;35 ;46 ;37 ;1 ;18 
8 ;2 ;19 ;22 ;30 ;7 
44 ;45 ;30 ;31 ;17 ;15 
35 ;43 ;33 ;39 ;32 ;26 
3 ;26 ;32 ;48 ;24 ;5 
7 ;36 ;34 ;33 ;22 ;45 
23 ;31 ;30 ;18 ;48 ;8 
43 ;32 ;16 ;10 ;26 ;29 
24 ;36 ;21 ;33 ;43 ;28 
38 ;32 ;14 ;40 ;44 ;16 
41 ;8 ;31 ;14 ;17 ;2 
4 ;5 ;28 ;11 ;6 ;10 
47 ;39 ;44 ;17 ;49 ;48 
49 ;29 ;11 ;23 ;20 ;27 
33 ;31 ;4 ;45 ;11 ;23 
33 ;34 ;2 ;20 ;16 ;15 
17 ;4 ;42 ;36 ;35 ;7 
3 ;26 ;31 ;21 ;40 ;46 
26 ;40 ;43 ;19 ;42 ;36 
2 ;20 ;38 ;14 ;8 ;23 
38 ;14 ;33 ;35 ;15 ;4 
4 ;3 ;8 ;32 ;5 ;49 
37 ;15 ;4 ;32 ;42 ;5 
38 ;20 ;6 ;49 ;46 ;26 
35 ;34 ;8 ;13 ;32 ;22 
30 ;2 ;7 ;29 ;11 ;15 
13 ;43 ;32 ;16 ;7 ;40 
18 ;31 ;13 ;45 ;49 ;46 
38 ;21 ;8 ;5 ;35 ;40 
3 ;18 ;24 ;43 ;40 ;23 
35 ;49 ;22 ;25 ;21 ;10 
3 ;22 ;31 ;1 ;37 ;39 
47 ;24 ;18 ;39 ;38 ;35 
46 ;32 ;19 ;18 ;28 ;13 
32 ;15 ;21 ;30 ;48 ;12 
35 ;38 ;27 ;46 ;6 ;11 
37 ;39 ;41 ;43 ;8 ;10 
8 ;9 ;12 ;16 ;45 ;5 
32 ;6 ;43 ;11 ;20 ;1 
26 ;38 ;33 ;2 ;31 ;20 
29 ;23 ;48 ;33 ;5 ;18 
39 ;14 ;27 ;19 ;1 ;2 
32 ;19 ;21 ;47 ;5 ;17 
14 ;41 ;42 ;23 ;24 ;9 
32 ;24 ;17 ;42 ;1 ;44 
21 ;39 ;43 ;25 ;41 ;42 
45 ;16 ;27 ;49 ;21 ;38 
42 ;39 ;11 ;4 ;8 ;7 
9 ;16 ;26 ;7 ;5 ;43 
27 ;16 ;12 ;45 ;15 ;20 
25 ;11 ;26 ;21 ;41 ;7 
23 ;18 ;24 ;45 ;35 ;6 
38 ;33 ;41 ;6 ;20 ;37 
35 ;30 ;16 ;45 ;44 ;6 
32 ;4 ;46 ;2 ;10 ;35 
32 ;15 ;18 ;48 ;49 ;39 
33 ;7 ;41 ;23 ;21 ;45 
48 ;20 ;47 ;14 ;30 ;43 
17 ;34 ;30 ;35 ;25 ;41 
25 ;33 ;13 ;15 ;34 ;17 
30 ;40 ;41 ;17 ;43 ;1 
37 ;40 ;33 ;46 ;47 ;9 
8 ;43 ;37 ;18 ;35 ;16 
6 ;16 ;2 ;7 ;39 ;44 
32 ;48 ;46 ;27 ;43 ;45 
40 ;37 ;27 ;29 ;48 ;4 
42 ;24 ;20 ;2 ;31 ;48 
30 ;2 ;22 ;9 ;26 ;5 
43 ;31 ;28 ;49 ;44 ;45 
20 ;42 ;40 ;48 ;14 ;17 
27 ;5 ;38 ;19 ;24 ;28 
10 ;2 ;40 ;16 ;21 ;12 
37 ;20 ;5 ;7 ;4 ;32 
39 ;7 ;42 ;10 ;21 ;36 
23 ;29 ;44 ;11 ;12 ;15 
18 ;4 ;19 ;17 ;42 ;16 
11 ;43 ;45 ;22 ;26 ;18 
22 ;38 ;34 ;25 ;23 ;24 
12 ;17 ;1 ;20 ;38 ;19 
10 ;37 ;14 ;29 ;9 ;48 
49 ;1 ;2 ;41 ;36 ;22 
40 ;5 ;14 ;22 ;36 ;1 
26 ;14 ;6 ;5 ;16 ;11 
28 ;32 ;15 ;34 ;40 ;8 
15 ;28 ;22 ;14 ;23 ;20 
14 ;26 ;3 ;43 ;45 ;31 
23 ;5 ;46 ;16 ;35 ;8 
7 ;35 ;26 ;48 ;8 ;9 
35 ;16 ;19 ;11 ;18 ;5 
49 ;28 ;31 ;30 ;23 ;19 
30 ;31 ;39 ;3 ;1 ;18 
18 ;49 ;2 ;27 ;45 ;25 
27 ;13 ;44 ;21 ;26 ;47 
37 ;29 ;36 ;8 ;16 ;17 
5 ;33 ;35 ;1 ;37 ;30 
26 ;1 ;49 ;43 ;21 ;13 
40 ;48 ;39 ;28 ;21 ;16 
14 ;43 ;40 ;35 ;15 ;46 
41 ;1 ;33 ;43 ;5 ;9 
19 ;30 ;33 ;14 ;11 ;27 
40 ;19 ;27 ;16 ;42 ;43 
36 ;34 ;32 ;14 ;41 ;17 
13 ;21 ;20 ;19 ;3 ;15 
10 ;3 ;41 ;11 ;25 ;24 
13 ;11 ;49 ;42 ;5 ;39 
9 ;19 ;47 ;18 ;10 ;27 
14 ;21 ;46 ;17 ;43 ;26 
21 ;33 ;16 ;2 ;36 ;26 
38 ;1 ;11 ;14 ;33 ;5 
33 ;17 ;48 ;2 ;3 ;25 
45 ;7 ;28 ;43 ;42 ;10 
47 ;41 ;42 ;28 ;45 ;9 
11 ;29 ;41 ;20 ;25 ;47 
24 ;13 ;10 ;3 ;44 ;5 
32 ;16 ;13 ;26 ;15 ;25 
1 ;31 ;25 ;11 ;4 ;15 
32 ;40 ;43 ;21 ;28 ;15 
49 ;20 ;29 ;44 ;11 ;38 
39 ;8 ;34 ;41 ;47 ;3 
34 ;19 ;46 ;29 ;32 ;27 
8 ;23 ;21 ;22 ;42 ;43 
17 ;38 ;16 ;4 ;42 ;28 
6 ;28 ;35 ;11 ;14 ;25 
36 ;47 ;23 ;25 ;42 ;12 
34 ;37 ;12 ;41 ;19 ;11 
32 ;2 ;12 ;6 ;43 ;23 
21 ;22 ;45 ;33 ;13 ;48 
10 ;37 ;12 ;46 ;30 ;29 
35 ;18 ;31 ;28 ;22 ;49 
31 ;48 ;17 ;8 ;4 ;37 
40 ;8 ;23 ;21 ;5 ;7 
26 ;27 ;32 ;22 ;19 ;21 
15 ;36 ;12 ;16 ;30 ;13 
21 ;16 ;9 ;25 ;44 ;1 
30 ;5 ;45 ;21 ;26 ;31 
25 ;2 ;38 ;10 ;30 ;41 
14 ;12 ;42 ;38 ;49 ;36 
18 ;49 ;8 ;33 ;4 ;47 
6 ;40 ;33 ;32 ;3 ;8 
43 ;16 ;27 ;4 ;21 ;14 
19 ;40 ;12 ;6 ;22 ;31 
27 ;41 ;45 ;32 ;20 ;29 
34 ;28 ;46 ;23 ;38 ;29 
10 ;1 ;39 ;37 ;21 ;45 
11 ;24 ;42 ;12 ;31 ;48 
31 ;4 ;48 ;47 ;34 ;12 
34 ;33 ;20 ;45 ;17 ;22 
44 ;33 ;4 ;46 ;48 ;18 
22 ;20 ;7 ;26 ;9 ;29 
7 ;35 ;30 ;2 ;42 ;34 
8 ;48 ;27 ;21 ;11 ;10 
3 ;27 ;31 ;9 ;2 ;21 
23 ;18 ;36 ;15 ;6 ;47 
11 ;17 ;28 ;8 ;33 ;19 
37 ;27 ;39 ;19 ;2 ;28 
37 ;49 ;28 ;42 ;6 ;46 
14 ;2 ;27 ;43 ;26 ;47 
40 ;49 ;23 ;7 ;44 ;21 
27 ;6 ;29 ;32 ;18 ;5 
35 ;16 ;9 ;27 ;25 ;39 
30 ;48 ;41 ;35 ;25 ;44 
5 ;49 ;22 ;38 ;41 ;7 
33 ;45 ;13 ;29 ;12 ;18 
10 ;6 ;18 ;29 ;15 ;20 
34 ;43 ;36 ;10 ;7 ;23 
21 ;5 ;47 ;35 ;26 ;30 
35 ;7 ;11 ;48 ;30 ;29 
4 ;44 ;7 ;9 ;34 ;40 
15 ;46 ;25 ;7 ;32 ;23 
49 ;38 ;1 ;3 ;37 ;42 
48 ;1 ;18 ;5 ;14 ;16 
4 ;48 ;11 ;42 ;9 ;7 
17 ;35 ;21 ;24 ;32 ;23 
15 ;41 ;34 ;42 ;25 ;30 
2 ;36 ;12 ;34 ;48 ;14 
25 ;27 ;45 ;49 ;28 ;34 
30 ;33 ;15 ;1 ;34 ;2 
36 ;37 ;16 ;20 ;33 ;1 
33 ;8 ;4 ;30 ;45 ;48 
42 ;32 ;19 ;21 ;36 ;4 
38 ;48 ;18 ;33 ;15 ;11 
37 ;11 ;18 ;40 ;17 ;5 
3 ;49 ;38 ;37 ;43 ;10 
10 ;27 ;12 ;17 ;32 ;24 
37 ;10 ;1 ;26 ;20 ;2 
31 ;7 ;35 ;46 ;5 ;20 
14 ;46 ;17 ;45 ;35 ;25 
4 ;31 ;21 ;15 ;18 ;10 
47 ;42 ;17 ;23 ;28 ;48 
40 ;25 ;44 ;14 ;35 ;30 
23 ;47 ;30 ;22 ;21 ;1 
6 ;49 ;11 ;19 ;4 ;20 
2 ;34 ;15 ;24 ;37 ;21 
46 ;26 ;33 ;44 ;22 ;28 
19 ;48 ;34 ;21 ;25 ;8 
8 ;27 ;26 ;39 ;45 ;12 
31 ;19 ;24 ;14 ;23 ;25 
14 ;47 ;7 ;41 ;40 ;1 
39 ;21 ;30 ;28 ;4 ;36 
17 ;2 ;33 ;12 ;49 ;16 
47 ;46 ;24 ;8 ;32 ;11 
24 ;27 ;36 ;31 ;28 ;35 
25 ;48 ;9 ;41 ;28 ;11 
14 ;36 ;48 ;7 ;10 ;40 
47 ;41 ;38 ;25 ;27 ;39 
26 ;32 ;48 ;42 ;6 ;37 
5 ;42 ;41 ;21 ;26 ;18 
13 ;35 ;39 ;6 ;23 ;37 
38 ;5 ;42 ;35 ;22 ;12 
3 ;13 ;19 ;40 ;17 ;22 
24 ;33 ;12 ;39 ;18 ;5 
14 ;32 ;31 ;38 ;7 ;18 
10 ;37 ;22 ;17 ;38 ;14 
33 ;10 ;23 ;4 ;3 ;12 
3 ;21 ;13 ;27 ;11 ;5 
12 ;37 ;3 ;20 ;33 ;1 
1 ;22 ;6 ;2 ;11 ;48 
7 ;11 ;14 ;21 ;13 ;35 
16 ;7 ;1 ;37 ;39 ;13 
46 ;14 ;29 ;1 ;12 ;21 
39 ;21 ;28 ;27 ;37 ;44 
5 ;31 ;13 ;26 ;33 ;38 
18 ;28 ;19 ;34 ;38 ;21 
49 ;41 ;38 ;2 ;14 ;46 
17 ;24 ;2 ;37 ;28 ;8 
6 ;34 ;39 ;35 ;17 ;21 
41 ;16 ;11 ;28 ;4 ;27 
28 ;10 ;30 ;35 ;34 ;1 
1 ;42 ;16 ;31 ;20 ;4 
21 ;7 ;48 ;6 ;25 ;33 
26 ;42 ;48 ;10 ;16 ;44 
3 ;33 ;47 ;5 ;37 ;20 
18 ;2 ;38 ;36 ;34 ;44 
47 ;40 ;28 ;2 ;19 ;25 
45 ;15 ;3 ;27 ;10 ;42 
38 ;23 ;44 ;9 ;22 ;14 
35 ;11 ;10 ;25 ;20 ;47 
20 ;39 ;19 ;27 ;9 ;30 
48 ;13 ;28 ;29 ;32 ;6 
22 ;36 ;2 ;45 ;17 ;13 
27 ;3 ;46 ;30 ;44 ;38 
27 ;18 ;15 ;33 ;35 ;31 
46 ;17 ;24 ;36 ;11 ;25 
20 ;22 ;16 ;21 ;10 ;44 
48 ;7 ;29 ;12 ;6 ;9 
5 ;16 ;41 ;20 ;6 ;28 
4 ;34 ;37 ;24 ;2 ;42 
38 ;4 ;10 ;1 ;48 ;9 
10 ;43 ;19 ;6 ;47 ;30 
38 ;47 ;2 ;19 ;44 ;43 
17 ;44 ;13 ;33 ;6 ;19 
12 ;39 ;22 ;26 ;29 ;3 
36 ;5 ;17 ;13 ;44 ;48 
18 ;39 ;37 ;26 ;20 ;27 
1 ;32 ;44 ;31 ;15 ;29 
37 ;48 ;22 ;34 ;9 ;45 
42 ;1 ;27 ;26 ;11 ;7 
46 ;15 ;39 ;4 ;5 ;32 
40 ;8 ;35 ;42 ;18 ;46 
6 ;44 ;10 ;32 ;12 ;15 
30 ;12 ;34 ;39 ;32 ;4 
38 ;47 ;33 ;2 ;39 ;18 
6 ;9 ;21 ;49 ;44 ;38 
44 ;5 ;43 ;13 ;20 ;42 
32 ;1 ;35 ;2 ;23 ;20 
9 ;43 ;24 ;11 ;17 ;35 
9 ;44 ;1 ;35 ;15 ;38 
46 ;40 ;8 ;38 ;26 ;36 
48 ;2 ;27 ;16 ;37 ;21 
5 ;33 ;4 ;48 ;32 ;31 
24 ;34 ;8 ;27 ;2 ;14 
32 ;11 ;44 ;26 ;21 ;33 
37 ;39 ;46 ;8 ;48 ;41 
3 ;16 ;48 ;44 ;27 ;46 
49 ;38 ;25 ;41 ;42 ;8 
47 ;15 ;45 ;32 ;31 ;14 
41 ;47 ;18 ;49 ;3 ;9 
49 ;36 ;29 ;8 ;47 ;10 
18 ;3 ;41 ;47 ;27 ;19 
24 ;4 ;37 ;17 ;35 ;13 
31 ;41 ;46 ;27 ;45 ;6 
25 ;34 ;8 ;49 ;41 ;2 
23 ;30 ;13 ;7 ;11 ;19 
1 ;16 ;20 ;33 ;11 ;15 
27 ;33 ;20 ;47 ;3 ;19 
7 ;9 ;12 ;46 ;20 ;33 
30 ;21 ;13 ;6 ;1 ;37 
46 ;44 ;19 ;29 ;21 ;9 
47 ;24 ;30 ;13 ;15 ;43 
27 ;2 ;23 ;30 ;46 ;48 
16 ;2 ;3 ;40 ;11 ;38 
2 ;30 ;26 ;17 ;33 ;16 
49 ;33 ;9 ;42 ;37 ;15 
28 ;43 ;38 ;20 ;19 ;3 
7 ;36 ;11 ;8 ;15 ;1 
31 ;32 ;47 ;40 ;15 ;17 
45 ;17 ;27 ;21 ;9 ;2 
22 ;40 ;19 ;46 ;6 ;41 
33 ;32 ;10 ;23 ;27 ;15 
24 ;28 ;46 ;3 ;7 ;16 
31 ;12 ;22 ;7 ;25 ;3 
37 ;32 ;39 ;44 ;10 ;36 
49 ;33 ;38 ;15 ;2 ;14 
41 ;46 ;19 ;3 ;39 ;7 
1 ;31 ;30 ;22 ;6 ;36 
32 ;21 ;44 ;25 ;45 ;28 
28 ;13 ;42 ;9 ;32 ;47 
45 ;47 ;6 ;24 ;32 ;22 
15 ;17 ;44 ;6 ;35 ;23 
31 ;21 ;43 ;8 ;13 ;14 
43 ;5 ;32 ;48 ;29 ;11 
20 ;16 ;21 ;1 ;47 ;32 
37 ;36 ;24 ;30 ;26 ;9 
18 ;12 ;5 ;37 ;47 ;33 
7 ;35 ;6 ;40 ;1 ;2 
47 ;24 ;23 ;26 ;4 ;31 
13 ;38 ;32 ;17 ;29 ;11 
35 ;1 ;27 ;21 ;41 ;34 
23 ;32 ;36 ;8 ;43 ;10 
41 ;14 ;7 ;1 ;5 ;45 
39 ;36 ;27 ;47 ;22 ;37 
25 ;36 ;22 ;35 ;6 ;2 
43 ;30 ;22 ;6 ;10 ;4 
46 ;18 ;10 ;48 ;35 ;26 
40 ;20 ;33 ;47 ;3 ;10 
16 ;10 ;4 ;35 ;14 ;46 
18 ;8 ;16 ;5 ;47 ;21 
37 ;31 ;39 ;12 ;29 ;45 
11 ;15 ;38 ;49 ;22 ;19 
1 ;17 ;41 ;25 ;4 ;6 
3 ;11 ;33 ;5 ;42 ;13 
40 ;48 ;47 ;5 ;22 ;11 
4 ;38 ;40 ;28 ;43 ;2 
31 ;48 ;21 ;7 ;42 ;5 
38 ;5 ;48 ;12 ;14 ;44 
5 ;23 ;46 ;32 ;9 ;12 
47 ;36 ;15 ;34 ;29 ;12 
20 ;40 ;45 ;14 ;1 ;22 
9 ;16 ;44 ;7 ;38 ;49 
33 ;34 ;32 ;19 ;40 ;49 
4 ;42 ;30 ;33 ;10 ;13 
11 ;36 ;19 ;12 ;21 ;49 
7 ;19 ;9 ;10 ;43 ;45 
13 ;21 ;48 ;17 ;10 ;46 
33 ;17 ;23 ;42 ;40 ;37 
36 ;37 ;6 ;3 ;49 ;38 
26 ;29 ;39 ;49 ;36 ;2 
18 ;15 ;17 ;24 ;44 ;31 
43 ;23 ;7 ;20 ;13 ;17 
21 ;34 ;27 ;10 ;40 ;37 
39 ;11 ;1 ;38 ;14 ;37 
49 ;48 ;21 ;44 ;41 ;40 
38 ;39 ;29 ;34 ;1 ;20 
10 ;42 ;17 ;43 ;16 ;31 
6 ;15 ;27 ;7 ;34 ;20 
8 ;17 ;2 ;11 ;19 ;39 
32 ;33 ;29 ;14 ;5 ;23 
14 ;47 ;40 ;6 ;1 ;24 
13 ;46 ;30 ;5 ;1 ;41 
42 ;7 ;34 ;5 ;46 ;1 
37 ;12 ;22 ;5 ;23 ;33 
36 ;48 ;17 ;30 ;16 ;14 
42 ;46 ;17 ;47 ;14 ;45 
26 ;6 ;22 ;19 ;35 ;36 
40 ;28 ;19 ;13 ;34 ;22 
43 ;26 ;20 ;10 ;18 ;46 
39 ;6 ;13 ;18 ;38 ;3 
32 ;3 ;4 ;16 ;22 ;11 
45 ;44 ;38 ;27 ;29 ;1 
33 ;37 ;49 ;28 ;17 ;32 
30 ;22 ;41 ;24 ;14 ;45 
45 ;23 ;47 ;30 ;12 ;28 
16 ;46 ;6 ;7 ;48 ;24 
9 ;7 ;49 ;29 ;46 ;42 
8 ;4 ;15 ;39 ;36 ;5 
10 ;4 ;11 ;20 ;15 ;25 
3 ;32 ;42 ;10 ;31 ;2 
2 ;15 ;30 ;22 ;16 ;35 
20 ;33 ;39 ;26 ;40 ;4 
38 ;1 ;21 ;30 ;23 ;2 
13 ;29 ;39 ;22 ;46 ;20 
5 ;9 ;18 ;19 ;11 ;48 
30 ;2 ;42 ;26 ;38 ;24 
1 ;21 ;3 ;24 ;13 ;49 
18 ;3 ;7 ;43 ;38 ;26 
35 ;14 ;34 ;7 ;33 ;45 
24 ;19 ;38 ;12 ;9 ;37 
34 ;5 ;48 ;3 ;7 ;16 
38 ;45 ;37 ;30 ;31 ;48 
35 ;15 ;12 ;49 ;10 ;34 
13 ;19 ;43 ;25 ;15 ;38 
28 ;38 ;39 ;15 ;46 ;44 
42 ;24 ;9 ;34 ;2 ;5 
3 ;14 ;20 ;36 ;19 ;46 
1 ;48 ;10 ;15 ;11 ;38 
39 ;8 ;31 ;48 ;38 ;15 
22 ;48 ;3 ;30 ;36 ;15 
23 ;28 ;48 ;33 ;6 ;12 
17 ;19 ;20 ;8 ;29 ;23 
36 ;44 ;37 ;7 ;9 ;17 
37 ;35 ;14 ;1 ;49 ;30 
46 ;31 ;32 ;8 ;43 ;33 
31 ;7 ;10 ;38 ;8 ;32 
3 ;36 ;41 ;28 ;19 ;29 
24 ;20 ;31 ;27 ;45 ;48 
6 ;3 ;37 ;43 ;42 ;33 
30 ;31 ;29 ;49 ;48 ;11 
17 ;33 ;29 ;48 ;44 ;14 
41 ;27 ;48 ;10 ;18 ;6 
42 ;24 ;41 ;11 ;26 ;13 
43 ;33 ;5 ;37 ;17 ;14 
42 ;23 ;28 ;35 ;20 ;36 
5 ;44 ;26 ;19 ;18 ;6 
3 ;29 ;41 ;45 ;31 ;6 
45 ;49 ;27 ;24 ;21 ;1 
47 ;11 ;46 ;24 ;19 ;42 
21 ;24 ;1 ;23 ;44 ;36 
33 ;44 ;24 ;35 ;49 ;3 
8 ;33 ;49 ;15 ;38 ;37 
37 ;14 ;41 ;42 ;3 ;8 
5 ;22 ;49 ;36 ;12 ;23 
5 ;26 ;42 ;12 ;18 ;39 
12 ;49 ;31 ;30 ;15 ;6 
13 ;27 ;38 ;14 ;3 ;39 
18 ;22 ;17 ;28 ;5 ;47 
49 ;32 ;29 ;10 ;21 ;27 
3 ;40 ;31 ;45 ;1 ;37 
2 ;6 ;18 ;15 ;27 ;5 
10 ;23 ;40 ;34 ;30 ;22 
6 ;28 ;18 ;45 ;4 ;29 
27 ;29 ;28 ;22 ;16 ;8 
6 ;44 ;33 ;47 ;35 ;32 
8 ;38 ;17 ;43 ;14 ;34 
28 ;49 ;31 ;2 ;3 ;42 
32 ;34 ;18 ;23 ;26 ;45 
1 ;19 ;48 ;32 ;39 ;37 
31 ;49 ;16 ;37 ;15 ;32 
6 ;28 ;14 ;16 ;23 ;10 
8 ;38 ;23 ;35 ;3 ;13 
17 ;47 ;27 ;39 ;49 ;20 
9 ;4 ;35 ;20 ;21 ;25 
22 ;27 ;26 ;7 ;17 ;35 
5 ;25 ;31 ;30 ;38 ;41 
14 ;42 ;19 ;44 ;10 ;46 
15 ;20 ;34 ;41 ;17 ;11 
8 ;3 ;5 ;23 ;48 ;43 
23 ;28 ;16 ;45 ;26 ;46 
12 ;17 ;6 ;16 ;11 ;27 
18 ;2 ;5 ;25 ;6 ;29 
9 ;33 ;31 ;5 ;14 ;28 
15 ;13 ;35 ;10 ;1 ;45 
15 ;25 ;48 ;27 ;42 ;30 
28 ;25 ;21 ;15 ;7 ;34 
7 ;30 ;40 ;10 ;4 ;21 
24 ;10 ;31 ;49 ;47 ;6 
31 ;45 ;39 ;29 ;40 ;19 
16 ;2 ;32 ;39 ;27 ;46 
40 ;42 ;38 ;49 ;7 ;19 
26 ;37 ;9 ;1 ;10 ;23 
31 ;30 ;13 ;44 ;42 ;15 
24 ;33 ;3 ;47 ;10 ;46 
31 ;23 ;20 ;43 ;4 ;5 
29 ;48 ;6 ;18 ;40 ;49 
15 ;28 ;33 ;32 ;34 ;14 
49 ;41 ;39 ;14 ;22 ;10 
18 ;10 ;42 ;41 ;13 ;43 
47 ;27 ;16 ;49 ;18 ;13 
15 ;49 ;1 ;14 ;9 ;22 
37 ;27 ;30 ;4 ;44 ;12 
36 ;16 ;45 ;38 ;8 ;18 
37 ;22 ;33 ;7 ;21 ;39 
23 ;14 ;12 ;30 ;19 ;2 
47 ;19 ;16 ;42 ;39 ;15 
26 ;45 ;21 ;3 ;8 ;11 
44 ;27 ;41 ;7 ;12 ;5 
36 ;15 ;10 ;26 ;22 ;23 
15 ;16 ;20 ;27 ;19 ;13 
24 ;15 ;40 ;27 ;20 ;4 
25 ;33 ;26 ;20 ;40 ;31 
27 ;42 ;29 ;1 ;6 ;17 
4 ;23 ;14 ;2 ;16 ;22 
25 ;3 ;43 ;38 ;42 ;33 
46 ;1 ;20 ;45 ;6 ;7 
48 ;33 ;1 ;43 ;49 ;46 
19 ;9 ;45 ;23 ;49 ;38 
31 ;17 ;21 ;11 ;28 ;23 
32 ;34 ;22 ;40 ;1 ;8 
25 ;36 ;9 ;35 ;1 ;46 
28 ;11 ;47 ;27 ;41 ;7 
45 ;1 ;40 ;21 ;41 ;5 
20 ;41 ;18 ;32 ;43 ;24 
45 ;33 ;8 ;19 ;43 ;12 
35 ;42 ;48 ;46 ;16 ;47 
17 ;15 ;41 ;46 ;49 ;11 
7 ;3 ;33 ;12 ;27 ;4 
48 ;33 ;20 ;11 ;18 ;19 
9 ;46 ;39 ;37 ;48 ;20 
21 ;22 ;23 ;14 ;25 ;42 
30 ;6 ;23 ;19 ;36 ;45 
20 ;31 ;38 ;23 ;25 ;18 
44 ;16 ;10 ;11 ;9 ;35 
34 ;42 ;17 ;22 ;6 ;4 
14 ;41 ;16 ;19 ;25 ;2 
38 ;21 ;31 ;32 ;29 ;46 
12 ;41 ;31 ;18 ;9 ;38 
25 ;45 ;19 ;32 ;22 ;12 
30 ;26 ;37 ;1 ;10 ;31 
44 ;37 ;6 ;17 ;36 ;42 
30 ;26 ;31 ;25 ;32 ;24 
37 ;7 ;27 ;49 ;40 ;44 
11 ;35 ;7 ;45 ;41 ;14 
19 ;36 ;21 ;45 ;2 ;6 
44 ;11 ;39 ;2 ;22 ;4 
22 ;10 ;44 ;45 ;27 ;31 
43 ;33 ;12 ;27 ;47 ;34 
11 ;46 ;18 ;9 ;36 ;30 
32 ;11 ;30 ;12 ;39 ;14 
10 ;11 ;47 ;38 ;28 ;43 
43 ;33 ;6 ;38 ;19 ;3 
12 ;49 ;15 ;22 ;42 ;35 
9 ;30 ;42 ;26 ;16 ;35 
33 ;44 ;43 ;12 ;10 ;40 
31 ;8 ;12 ;29 ;15 ;40 
5 ;19 ;20 ;40 ;47 ;2 
22 ;41 ;7 ;46 ;4 ;26 
41 ;3 ;19 ;20 ;15 ;40 
2 ;10 ;42 ;34 ;44 ;23 
20 ;22 ;18 ;40 ;19 ;35 
35 ;29 ;26 ;41 ;31 ;36 
37 ;1 ;10 ;44 ;47 ;43 
26 ;11 ;7 ;47 ;36 ;30 
19 ;29 ;38 ;39 ;4 ;11 
19 ;18 ;42 ;8 ;29 ;37 
41 ;45 ;3 ;23 ;30 ;28 
46 ;12 ;27 ;3 ;42 ;7 
40 ;4 ;49 ;7 ;25 ;39 
23 ;38 ;6 ;41 ;4 ;29 
44 ;16 ;2 ;37 ;9 ;14 
22 ;36 ;43 ;48 ;47 ;26 
17 ;9 ;21 ;28 ;22 ;32 
17 ;23 ;1 ;3 ;8 ;30 
20 ;28 ;15 ;5 ;14 ;45 
19 ;38 ;43 ;34 ;20 ;22 
21 ;47 ;23 ;3 ;27 ;25 
8 ;5 ;34 ;28 ;11 ;19 
8 ;39 ;3 ;13 ;9 ;15 
43 ;32 ;4 ;49 ;14 ;21 
9 ;30 ;4 ;29 ;41 ;24 
20 ;47 ;12 ;27 ;34 ;36 
17 ;21 ;15 ;34 ;10 ;38 
26 ;22 ;27 ;29 ;37 ;33 
24 ;29 ;44 ;32 ;5 ;37 
11 ;46 ;10 ;28 ;24 ;20 
42 ;9 ;11 ;45 ;47 ;31 
29 ;26 ;15 ;38 ;42 ;9 
48 ;34 ;47 ;49 ;39 ;35 
1 ;25 ;16 ;4 ;48 ;31 
49 ;33 ;24 ;12 ;41 ;8 
26 ;6 ;2 ;32 ;45 ;13 
35 ;7 ;23 ;12 ;6 ;36 
40 ;16 ;13 ;12 ;17 ;26 
17 ;5 ;37 ;49 ;1 ;9 
19 ;11 ;25 ;27 ;43 ;37 
43 ;40 ;14 ;41 ;44 ;36 
38 ;45 ;16 ;37 ;29 ;1 
16 ;41 ;42 ;21 ;9 ;12 
14 ;17 ;33 ;18 ;35 ;41 
20 ;42 ;49 ;43 ;44 ;19 
22 ;10 ;38 ;5 ;7 ;6 
44 ;38 ;48 ;19 ;37 ;39 
35 ;10 ;18 ;32 ;28 ;38 
6 ;43 ;31 ;24 ;12 ;48 
41 ;2 ;42 ;33 ;3 ;7 
31 ;4 ;22 ;34 ;9 ;16 
22 ;42 ;19 ;7 ;5 ;48 
25 ;12 ;4 ;43 ;16 ;11 
26 ;18 ;24 ;5 ;17 ;41 
36 ;9 ;6 ;47 ;35 ;5 
21 ;8 ;29 ;17 ;25 ;4 
27 ;7 ;23 ;19 ;22 ;17 
6 ;10 ;16 ;8 ;21 ;34 
41 ;40 ;4 ;32 ;12 ;8 
42 ;46 ;38 ;16 ;4 ;14 
21 ;24 ;16 ;19 ;44 ;4 
2 ;7 ;36 ;3 ;25 ;4 
38 ;15 ;5 ;24 ;17 ;49 
12 ;26 ;31 ;43 ;13 ;28 
3 ;12 ;30 ;32 ;15 ;2 
42 ;47 ;20 ;38 ;9 ;11 
11 ;37 ;17 ;47 ;16 ;8 
14 ;13 ;29 ;27 ;11 ;18 
1 ;46 ;22 ;40 ;20 ;13 
25 ;39 ;26 ;2 ;19 ;21 
42 ;46 ;39 ;26 ;13 ;47 
38 ;43 ;23 ;21 ;47 ;9 
6 ;39 ;12 ;45 ;7 ;32 
35 ;29 ;17 ;10 ;4 ;28 
4 ;8 ;49 ;2 ;40 ;23 
37 ;9 ;3 ;35 ;27 ;5 
8 ;20 ;4 ;36 ;13 ;21 
21 ;34 ;24 ;3 ;25 ;32 
27 ;37 ;32 ;9 ;47 ;44 
48 ;20 ;4 ;26 ;29 ;32 
33 ;36 ;32 ;2 ;27 ;3 
42 ;46 ;21 ;7 ;5 ;8 
46 ;27 ;47 ;23 ;19 ;48 
2 ;46 ;37 ;15 ;24 ;33 
31 ;26 ;33 ;28 ;3 ;18 
9 ;38 ;28 ;7 ;39 ;23 
49 ;16 ;44 ;46 ;15 ;2 
44 ;45 ;48 ;12 ;46 ;30 
37 ;33 ;12 ;6 ;42 ;15 
8 ;42 ;40 ;1 ;17 ;18 
12 ;10 ;42 ;6 ;9 ;37 
29 ;46 ;48 ;42 ;35 ;20 
49 ;46 ;10 ;20 ;21 ;38 
7 ;25 ;1 ;49 ;32 ;15 
12 ;17 ;14 ;27 ;8 ;46 
45 ;42 ;43 ;17 ;4 ;11 
12 ;39 ;24 ;4 ;29 ;21 
7 ;36 ;48 ;34 ;46 ;4 
43 ;49 ;14 ;8 ;33 ;38 
3 ;7 ;10 ;9 ;32 ;6 
42 ;3 ;49 ;12 ;31 ;26 
4 ;28 ;9 ;34 ;23 ;24 
26 ;13 ;38 ;18 ;25 ;3 
20 ;47 ;5 ;17 ;43 ;19 
20 ;7 ;8 ;23 ;35 ;42 
19 ;21 ;3 ;4 ;41 ;29 
3 ;25 ;14 ;6 ;41 ;40 
46 ;49 ;1 ;12 ;22 ;18 
11 ;49 ;35 ;34 ;1 ;26 
36 ;9 ;28 ;3 ;37 ;32 
17 ;39 ;6 ;18 ;26 ;35 
36 ;40 ;1 ;44 ;19 ;25 
28 ;2 ;4 ;35 ;5 ;27 
43 ;20 ;48 ;42 ;10 ;4 
37 ;34 ;18 ;2 ;10 ;22 
20 ;27 ;34 ;43 ;24 ;47 
37 ;49 ;28 ;3 ;24 ;23 
30 ;10 ;25 ;29 ;14 ;12 
36 ;25 ;7 ;21 ;29 ;5 
37 ;35 ;1 ;17 ;48 ;4 
16 ;17 ;33 ;40 ;41 ;35 
20 ;11 ;34 ;39 ;24 ;9 
29 ;19 ;35 ;22 ;9 ;7 
24 ;2 ;32 ;21 ;26 ;42 
38 ;3 ;17 ;2 ;21 ;46 
22 ;47 ;31 ;37 ;16 ;46 
1 ;27 ;31 ;7 ;41 ;32 
13 ;9 ;46 ;40 ;22 ;11 
43 ;46 ;15 ;24 ;34 ;25 
25 ;5 ;11 ;26 ;19 ;23 
33 ;27 ;42 ;49 ;3 ;25 
12 ;42 ;3 ;37 ;18 ;24 
49 ;34 ;25 ;17 ;14 ;15 
15 ;30 ;24 ;43 ;46 ;32 
33 ;36 ;2 ;47 ;6 ;18 
34 ;13 ;49 ;42 ;18 ;6 
40 ;43 ;26 ;7 ;8 ;37 
40 ;37 ;19 ;3 ;25 ;24 
13 ;18 ;32 ;5 ;29 ;35 
17 ;47 ;23 ;5 ;8 ;40 
2 ;15 ;22 ;39 ;41 ;37 
8 ;16 ;10 ;2 ;5 ;6 
47 ;9 ;19 ;34 ;26 ;43 
33 ;15 ;49 ;43 ;5 ;48 
34 ;49 ;4 ;31 ;38 ;8 
11 ;42 ;37 ;5 ;44 ;38 
5 ;33 ;30 ;15 ;6 ;19 
2 ;33 ;36 ;6 ;40 ;4 
21 ;13 ;27 ;16 ;43 ;22 
49 ;20 ;36 ;24 ;3 ;5 
37 ;24 ;18 ;49 ;31 ;43 
5 ;42 ;20 ;4 ;47 ;49 
11 ;26 ;49 ;27 ;20 ;38 
31 ;26 ;33 ;10 ;23 ;47 
17 ;49 ;38 ;10 ;12 ;37 
46 ;35 ;34 ;24 ;14 ;43 
19 ;30 ;35 ;21 ;36 ;43 
22 ;10 ;7 ;44 ;28 ;31 
46 ;16 ;4 ;21 ;22 ;36 
38 ;1 ;42 ;40 ;20 ;41 
40 ;11 ;9 ;13 ;7 ;32 
4 ;28 ;36 ;16 ;22 ;30 
34 ;28 ;26 ;1 ;48 ;25 
32 ;42 ;39 ;3 ;21 ;48 
5 ;4 ;27 ;47 ;24 ;42 
3 ;41 ;5 ;10 ;13 ;38 
19 ;1 ;15 ;31 ;32 ;43 
1 ;33 ;4 ;26 ;47 ;22 
12 ;46 ;39 ;41 ;5 ;37 
48 ;2 ;27 ;31 ;40 ;38 
23 ;10 ;41 ;22 ;25 ;7 
8 ;47 ;7 ;29 ;10 ;39 
31 ;26 ;36 ;41 ;32 ;7 
40 ;9 ;7 ;32 ;38 ;28 
32 ;44 ;49 ;48 ;34 ;45 
33 ;35 ;37 ;40 ;24 ;32 
18 ;9 ;19 ;46 ;40 ;17 
18 ;3 ;12 ;23 ;35 ;43 
23 ;17 ;16 ;12 ;31 ;36 
9 ;14 ;13 ;21 ;8 ;41 
24 ;39 ;38 ;4 ;34 ;33 
17 ;41 ;25 ;4 ;8 ;2 
4 ;24 ;45 ;23 ;32 ;18 
26 ;9 ;18 ;2 ;14 ;21 
32 ;31 ;2 ;8 ;43 ;29 
26 ;11 ;40 ;36 ;3 ;9 
15 ;6 ;12 ;28 ;16 ;48 
6 ;49 ;16 ;42 ;41 ;17 
37 ;43 ;1 ;44 ;39 ;47 
49 ;32 ;30 ;45 ;12 ;8 
46 ;17 ;43 ;45 ;35 ;36 
27;11;18;16;32;39
45;39;1;3;21;18
4;32;9;48;31;14
31;40;20;41;22;47
14;35;47;30;22;16
41;16;25;40;6;37
41;32;48;17;35;4
46;4;3;39;40;11
30;11;19;27;13;25
42;9;31;15;28;43
45;36;2;18;16;46
19;21;20;47;14;35
1;42;36;37;5;21
1;5;27;3;17;30
11;29;49;37;14;31
49;10;41;40;24;31
22;25;39;5;4;15
29;39;2;46;5;22
19;32;3;4;15;41
7;44;17;1;28;49
9;21;38;36;26;29
21;33;19;32;8;36
36;11;26;29;24;6
43;17;2;35;23;46
27;41;2;46;28;44
14;19;42;3;15;24
39;16;32;12;35;28
24;5;19;1;48;16
36;37;25;20;8;30
48;1;5;45;35;18
15;10;6;25;41;17
10;5;26;25;9;45
11;43;14;35;37;12
5;45;39;32;40;36
25;47;49;10;41;12
12;32;8;38;35;30
14;25;19;20;33;15
5;42;46;3;35;24
18;28;12;19;37;13
8;7;18;19;32;49
33;41;42;11;22;12
26;39;16;24;45;28
7;45;18;22;5;16
5;46;24;34;14;48
19;28;27;12;48;15
46;17;18;48;19;34
15;3;43;33;38;28
40;34;7;38;18;49
45;28;4;12;5;17
9;5;12;19;28;21
10;5;11;8;18;31
15;17;43;39;2;7
1;16;15;21;24;32
30;22;11;7;42;1
3;18;25;11;10;1
21;14;18;29;45;2
42;30;8;18;15;9
6;42;25;20;32;4
11;18;6;24;19;39
36;24;49;10;9;23
22;14;4;38;7;9
17;30;12;18;32;6
37;10;34;41;40;7
21;12;49;44;34;10
6;8;4;31;10;15
44;26;16;46;22;9
30;49;44;5;28;24
36;27;32;18;23;22
34;49;26;15;18;17
34;6;30;13;2;1
12;37;44;31;21;9
8;48;31;30;26;22
42;6;1;29;28;7
29;14;40;24;26;30
25;33;5;43;20;41
43;22;10;34;18;35
24;37;30;33;8;7
49;41;11;14;6;8
3;27;29;32;36;18
41;17;15;40;27;26
13;4;11;15;46;47
32;6;46;25;18;41
2;3;21;22;44;6
20;25;17;46;41;13
44;20;35;15;38;17
44;31;6;8;29;9
20;14;5;26;41;30
26;19;2;25;39;14
1;26;44;8;27;29
23;47;5;22;14;37
40;24;36;12;32;42
6;34;39;30;25;27
34;49;5;27;35;37
6;14;20;34;46;12
45;12;31;36;47;25
28;27;20;18;12;1
19;48;29;39;49;42
21;3;46;38;1;26
10;37;21;4;31;35
24;6;5;22;8;2
24;9;39;29;49;26
36;33;30;9;48;27
36;30;39;18;47;2
18;34;32;22;29;44
38;15;49;42;41;5
43 ;10 ;32 ;35 ;19 ;13 
32 ;22 ;39 ;43 ;41 ;13 
30 ;13 ;3 ;17 ;44 ;37 
48 ;10 ;37 ;20 ;28 ;46 
5 ;10 ;34 ;29 ;18 ;21 
40 ;16 ;17 ;2 ;34 ;39 
12 ;31 ;2 ;39 ;15 ;24 
44 ;7 ;39 ;9 ;48 ;31 
46 ;32 ;4 ;49 ;11 ;7 
42 ;37 ;29 ;46 ;7 ;19 
14 ;24 ;32 ;42 ;36 ;11 
44 ;40 ;27 ;4 ;25 ;33 
37 ;49 ;19 ;48 ;21 ;32 
39 ;47 ;37 ;3 ;25 ;9 
6 ;17 ;21 ;46 ;1 ;24 
35 ;11 ;16 ;44 ;17 ;41 
17 ;44 ;36 ;2 ;29 ;14 
6 ;47 ;8 ;16 ;33 ;20 
39 ;11 ;8 ;4 ;17 ;38 
17 ;39 ;47 ;44 ;26 ;6 
19 ;2 ;38 ;49 ;16 ;46 
46 ;27 ;32 ;25 ;15 ;48 
9 ;29 ;49 ;16 ;4 ;39 
26 ;20 ;45 ;13 ;42 ;44 
10 ;1 ;2 ;35 ;30 ;29 
25 ;8 ;35 ;22 ;49 ;3 
17 ;36 ;28 ;27 ;18 ;25 
2 ;22 ;15 ;28 ;24 ;35 
5 ;45 ;7 ;48 ;20 ;40 
42 ;49 ;18 ;35 ;40 ;20 
20 ;42 ;39 ;27 ;44 ;7 
40 ;16 ;17 ;43 ;26 ;3 
41 ;4 ;33 ;36 ;40 ;27 
9 ;24 ;38 ;10 ;5 ;8 
30 ;17 ;16 ;5 ;42 ;24 
42 ;18 ;34 ;3 ;45 ;37 
37 ;27 ;15 ;48 ;41 ;14 
47 ;23 ;44 ;6 ;7 ;16 
38 ;1 ;32 ;8 ;28 ;9 
3 ;44 ;12 ;35 ;36 ;48 
5 ;7 ;41 ;18 ;22 ;38 
46 ;19 ;45 ;31 ;27 ;22 
15 ;13 ;33 ;23 ;29 ;7 
9 ;22 ;24 ;6 ;30 ;33 
41 ;29 ;31 ;19 ;36 ;48 
4 ;47 ;46 ;3 ;6 ;18 
13 ;28 ;10 ;3 ;23 ;14 
48 ;32 ;27 ;36 ;3 ;23 
5 ;13 ;43 ;3 ;8 ;2 
35 ;37 ;19 ;24 ;38 ;36 
1 ;13 ;43 ;16 ;30 ;6 
37 ;15 ;41 ;32 ;7 ;26 
2 ;48 ;12 ;47 ;41 ;19 
8 ;45 ;42 ;40 ;28 ;23 
44 ;27 ;21 ;12 ;41 ;18 
17 ;33 ;49 ;45 ;39 ;37 
8 ;2 ;4 ;31 ;6 ;44 
41 ;13 ;11 ;38 ;42 ;35 
9 ;1 ;38 ;12 ;24 ;31 
47 ;37 ;3 ;34 ;26 ;6 
36 ;37 ;49 ;41 ;47 ;27 
4 ;31 ;25 ;21 ;26 ;18 
13 ;33 ;7 ;43 ;8 ;32 
5 ;43 ;32 ;28 ;13 ;10 
4 ;11 ;33 ;48 ;32 ;20 
24 ;32 ;49 ;36 ;15 ;13 
38 ;10 ;33 ;23 ;45 ;26 
25 ;22 ;20 ;26 ;33 ;37 
13 ;21 ;31 ;4 ;25 ;26 
27 ;39 ;2 ;31 ;18 ;38 
34 ;16 ;28 ;30 ;48 ;1 
16 ;39 ;20 ;12 ;41 ;6 
28 ;1 ;13 ;25 ;30 ;18 
11 ;29 ;10 ;26 ;32 ;45 
18 ;3 ;20 ;21 ;40 ;30 
11 ;40 ;42 ;14 ;48 ;25 
30 ;28 ;33 ;3 ;37 ;7 
23 ;47 ;29 ;44 ;28 ;2 
21 ;44 ;24 ;22 ;10 ;9 
44 ;3 ;46 ;5 ;34 ;25 
12 ;47 ;32 ;26 ;13 ;16 
41 ;45 ;12 ;43 ;11 ;39 
47 ;9 ;23 ;17 ;36 ;5 
49 ;20 ;48 ;26 ;44 ;13 
32 ;36 ;23 ;49 ;42 ;4 
20 ;13 ;27 ;17 ;48 ;33 
11 ;37 ;6 ;25 ;32 ;42 
7 ;23 ;16 ;41 ;37 ;42 
40 ;29 ;19 ;43 ;21 ;37 
40 ;28 ;38 ;24 ;27 ;20 
14 ;11 ;15 ;25 ;6 ;46 
37 ;3 ;9 ;18 ;39 ;10 
31 ;5 ;42 ;21 ;47 ;3 
37 ;15 ;10 ;32 ;39 ;36 
11 ;13 ;36 ;2 ;40 ;20 
33 ;44 ;29 ;37 ;18 ;23 
21 ;38 ;33 ;24 ;15 ;39 
1 ;43 ;32 ;23 ;13 ;25 
42 ;32 ;49 ;44 ;39 ;48 
37 ;39 ;2 ;25 ;16 ;26 
12 ;39 ;2 ;38 ;9 ;15 
33 ;21 ;47 ;39 ;28 ;13 
44 ;47 ;35 ;6 ;20 ;7 
24 ;8 ;49 ;32 ;21 ;43 
14 ;3 ;6 ;22 ;32 ;19 
29 ;7 ;3 ;42 ;20 ;26 
25 ;43 ;9 ;42 ;17 ;8 
49 ;36 ;33 ;21 ;10 ;3 
38 ;5 ;40 ;13 ;20 ;25 
36 ;48 ;41 ;34 ;47 ;26 
20 ;43 ;4 ;1 ;30 ;47 
23 ;4 ;31 ;29 ;43 ;37 
9 ;38 ;35 ;3 ;34 ;20 
3 ;19 ;24 ;38 ;14 ;18 
15 ;35 ;12 ;17 ;36 ;25 
24 ;46 ;7 ;31 ;35 ;25 
45 ;8 ;35 ;12 ;2 ;20 
44 ;43 ;19 ;30 ;24 ;41 
11 ;10 ;9 ;7 ;23 ;18 
3 ;32 ;11 ;36 ;28 ;13 
2 ;42 ;38 ;27 ;28 ;25 
10 ;42 ;21 ;11 ;6 ;48 
41 ;49 ;18 ;4 ;6 ;39 
17 ;48 ;6 ;44 ;35 ;29 
6 ;28 ;27 ;18 ;36 ;21 
43 ;47 ;29 ;8 ;23 ;27 
16 ;12 ;28 ;20 ;41 ;8 
32 ;37 ;36 ;30 ;15 ;33 
17 ;12 ;34 ;11 ;23 ;41 
11 ;2 ;26 ;47 ;1 ;3 
33 ;9 ;15 ;18 ;11 ;46 
40 ;37 ;10 ;41 ;33 ;28 
13 ;48 ;47 ;33 ;45 ;18 
6 ;2 ;13 ;26 ;32 ;34 
43 ;23 ;39 ;45 ;2 ;37 
17 ;23 ;2 ;19 ;38 ;47 
3 ;17 ;5 ;47 ;37 ;49 
46 ;49 ;18 ;1 ;34 ;29 
39 ;30 ;8 ;34 ;35 ;29 
45 ;16 ;8 ;14 ;30 ;29 
16 ;43 ;14 ;7 ;3 ;45 
49 ;8 ;44 ;5 ;15 ;40 
43 ;2 ;48 ;7 ;24 ;16 
3 ;7 ;34 ;24 ;1 ;43 
4 ;37 ;23 ;35 ;17 ;24 
6 ;25 ;32 ;22 ;24 ;10 
21 ;35 ;24 ;20 ;3 ;42 
10 ;32 ;47 ;36 ;20 ;9 
16 ;4 ;48 ;18 ;28 ;7 
26 ;21 ;20 ;2 ;36 ;23 
20 ;44 ;23 ;38 ;36 ;39 
5 ;4 ;39 ;24 ;30 ;32 
42 ;27 ;8 ;10 ;2 ;14 
33 ;44 ;22 ;35 ;6 ;41 
11 ;49 ;13 ;32 ;10 ;39 
4 ;49 ;44 ;18 ;46 ;32 
48 ;6 ;10 ;31 ;44 ;46 
35 ;33 ;28 ;29 ;3 ;40 
19 ;44 ;36 ;28 ;47 ;10 
36 ;1 ;11 ;29 ;7 ;14 
22 ;26 ;39 ;31 ;10 ;24 
10 ;33 ;26 ;49 ;15 ;5 
27 ;47 ;38 ;34 ;16 ;30 
15 ;30 ;8 ;39 ;2 ;27 
20 ;5 ;7 ;44 ;22 ;13 
3 ;43 ;31 ;49 ;46 ;9 
7 ;31 ;2 ;8 ;41 ;27 
32 ;15 ;8 ;6 ;31 ;11 
28 ;26 ;23 ;18 ;44 ;49 
38 ;26 ;33 ;27 ;46 ;40 
18 ;7 ;36 ;13 ;22 ;26 
24 ;41 ;46 ;25 ;26 ;2 
27 ;14 ;9 ;36 ;24 ;33 
13 ;3 ;21 ;14 ;31 ;15 
47 ;19 ;11 ;1 ;49 ;8 
3 ;49 ;35 ;4 ;29 ;38 
46 ;26 ;14 ;23 ;6 ;8 
32 ;2 ;26 ;10 ;15 ;37 
47 ;4 ;41 ;45 ;9 ;14 
9 ;16 ;37 ;44 ;29 ;17 
27 ;43 ;15 ;18 ;29 ;2 
13 ;30 ;29 ;27 ;47 ;4 
36 ;14 ;26 ;3 ;46 ;23 
15 ;47 ;29 ;6 ;30 ;38 
8 ;45 ;11 ;18 ;10 ;23 
4 ;6 ;15 ;25 ;35 ;49 
33 ;3 ;26 ;21 ;8 ;42 
16 ;30 ;12 ;39 ;10 ;42 
48 ;14 ;39 ;43 ;45 ;40 
11 ;45 ;6 ;27 ;24 ;31 
29 ;49 ;8 ;13 ;18 ;35 
47 ;44 ;7 ;24 ;15 ;6 
35 ;37 ;44 ;16 ;36 ;10 
37 ;12 ;36 ;6 ;48 ;16 
11 ;34 ;40 ;43 ;15 ;16 
38 ;9 ;13 ;23 ;40 ;27 
5 ;6 ;32 ;29 ;30 ;45 
10 ;42 ;30 ;29 ;2 ;25 
16 ;48 ;47 ;46 ;21 ;31 
28 ;33 ;49 ;9 ;18 ;4 
28 ;27 ;15 ;32 ;1 ;26 
43 ;11 ;12 ;10 ;35 ;7 
47 ;10 ;36 ;33 ;39 ;48 
36 ;1 ;11 ;14 ;48 ;16 
40 ;15 ;13 ;34 ;1 ;49 
9 ;23 ;22 ;40 ;3 ;41 
14 ;35 ;34 ;39 ;19 ;42 
4 ;47 ;17 ;42 ;41 ;12 
20;16;15;45;29;12
19;49;29;2;36;43
41;31;32;15;30;48
44;35;14;22;48;25
23;47;27;17;6;5
12;48;44;42;40;36
17;49;32;36;10;11
2;49;37;29;47;13
45;33;44;49;36;24
23;25;40;44;18;12
12;39;22;1;45;31
16;38;5;9;40;41
22;11;8;35;10;2
48;39;17;42;3;41
23;39;8;31;33;35
45;46;24;11;3;49
47;33;8;49;38;44
40;38;48;18;32;34
47;21;22;1;14;3
37;22;43;5;36;15
33;22;13;48;11;27
15;4;9;38;22;45
15;35;32;21;5;34
20;14;8;27;6;34
19;29;27;44;31;38
12;6;1;11;20;16
16;14;30;25;23;36
2;10;49;41;38;14
37;2;42;30;19;31
9;49;34;14;38;13
3;39;20;21;43;38
7;11;15;22;37;39
30;20;19;46;6;48
24;47;36;38;5;40
42;3;7;11;43;26
8;41;32;48;15;45
49;9;28;46;38;29
27;32;48;20;26;9
13;12;36;7;5;1
32;23;29;44;18;40
41;29;39;31;27;4
35;28;36;32;1;5
1;26;7;19;31;38
2;44;24;26;5;6
31;32;23;4;1;19
33;7;32;41;27;25
31;2;21;36;41;11
34;10;17;38;33;28
43;22;9;31;35;48
10;25;7;41;28;17
33;7;29;32;14;19
19;24;45;29;43;20
27;4;12;41;19;45
11;17;6;48;20;4
40;46;26;18;30;32
15;32;10;27;46;25
18;4;20;22;5;41
38;45;29;48;13;37
3;43;38;35;29;49
46;13;48;1;23;9
20;22;26;32;12;15
49;38;44;27;3;18
24;19;20;11;1;34
25;29;44;15;12;30
32;29;18;38;1;8
20;46;35;2;29;11
3;6;4;2;5;26
46;7;39;36;42;6
36;4;29;18;25;34
26;12;24;13;9;48
17;47;39;16;23;3
28;11;40;49;42;46
33;39;35;14;41;18
11;43;12;42;1;13
19;48;5;21;43;31
13;42;24;25;12;41
31;12;49;35;30;34
16;14;18;48;1;49
25;6;32;24;23;15
15;30;3;5;44;38
3;22;36;11;43;44
34;27;49;31;35;28
16;3;21;44;33;29
27;42;9;33;20;21
22;49;42;40;33;19
9;41;4;24;20;23
14;1;28;43;21;47
24;35;30;34;17;19
35;14;34;1;36;19
45;35;44;28;24;21
25;18;42;22;29;12
19;42;10;27;45;35
19;17;20;44;29;6
30;12;7;42;4;3
27;34;5;35;22;3
45;49;14;23;1;10
25;7;12;5;49;34
47;27;19;30;23;14
1;8;7;41;24;9
5;24;43;48;2;37
44;28;43;19;4;46
19;22;46;6;47;7
6;20;38;17;2;25
33;24;18;30;5;23
47;2;1;12;40;30
37;20;4;6;29;31
38;22;33;35;31;32
40;30;15;28;10;25
45;21;34;41;19;30
26;27;43;23;12;31
4;24;33;11;20;48
17;9;15;40;10;20
27;11;5;3;36;32
29;13;22;5;14;32
42;7;44;26;12;49
29;2;8;4;5;42
39;20;43;33;36;38
48;11;25;1;42;17
5;41;22;44;16;45
11;13;1;7;25;15
21;15;33;32;16;25
14;39;30;7;36;38
9;38;16;34;4;40
5;25;37;43;29;6
31;49;19;36;40;32
9;29;35;40;16;26
21;39;27;25;9;40
25;35;44;37;1;33
40;32;49;46;28;24
29;43;6;13;42;28
16;44;18;24;29;36
11;8;15;17;2;35
9;28;3;31;38;24
40;2;14;44;9;38
33;13;5;32;28;27
26;18;47;21;32;16
38;26;39;16;19;32
1;31;32;20;25;39
46;1;43;27;4;28
22;32;25;23;36;35
16;47;41;40;29;39
18;43;25;4;10;20
35;18;26;39;9;45
10;11;35;1;7;2
26;38;3;32;1;48
39;47;37;38;2;26
21;32;24;30;10;33
35;29;13;49;11;5
37;46;22;48;43;17
39;49;24;26;27;41
8;1;23;37;47;6
48;4;10;37;43;14
46;4;45;32;42;43
30;29;33;8;9;43
40;4;26;15;11;33
15;37;17;23;26;5
24;27;31;11;48;40
38;7;35;26;6;24
28;11;20;33;18;13
27;13;24;11;41;48
17;47;2;27;5;7
46;13;21;34;19;36
17;42;12;8;37;26
28;15;3;24;27;4
46;28;31;37;4;6
20;12;49;11;43;45
49;48;1;28;3;47
46;7;9;6;38;18
40;38;43;13;2;12
30;33;19;16;24;14
28;12;15;3;37;35
10;40;26;31;5;1
41;39;42;44;34;32
2;34;25;26;48;31
16;12;49;13;33;21
10;22;26;4;5;25
29;21;48;4;47;23
33;16;49;23;30;38
41;9;34;43;46;42
44;6;32;17;1;29
15;21;25;38;10;48
26;45;38;22;32;39
44;49;5;25;41;33
45;11;26;22;28;49
45;36;30;49;11;9
24;19;41;25;14;31
10;2;15;44;14;28
21;12;22;24;31;4
37;38;3;9;33;36
33;4;28;24;12;36
9;21;2;24;42;11
19;17;48;1;29;6
48;18;2;27;25;7
13;26;9;31;42;20
3;14;7;35;33;38
2;12;44;14;24;31
41;42;49;36;44;29
17;36;4;30;16;26
46;1;7;29;28;31
2;35;16;19;33;23
15;11;34;1;10;9
40;46;15;31;44;13
13;42;2;22;8;43
26;16;48;47;35;27
8;35;13;23;39;34
42;8;26;34;9;47
6;15;2;31;48;49
34;17;41;6;20;15
17;4;25;32;36;22
27;1;25;8;2;5
42;18;6;40;35;29
27;24;47;13;17;20
16;12;14;27;43;6
43;2;17;34;37;31
39;40;22;11;37;42
45;1;27;39;12;8
18;6;23;31;38;22
12;11;34;45;31;44
33;21;25;38;44;37
13;39;6;37;32;12
18;27;6;23;2;22
32;34;41;9;30;48
10;35;29;47;17;6
17;20;41;10;22;40
14;34;24;28;22;2
23;35;47;11;31;10
26;7;44;12;29;6
48;3;11;36;35;25
30;15;32;41;28;2
34;22;16;28;6;35
27;35;6;25;1;38
38;33;9;1;25;44
28;12;40;2;6;4
26;23;18;4;44;43
38;33;27;19;26;12
30;10;24;4;25;23
33;28;12;36;32;48
17;23;21;46;28;1
23;20;8;28;27;41
49;11;17;20;33;43
42;41;25;6;9;30
47;37;33;7;41;49
38;25;2;15;10;9
42;34;35;7;23;37
3;8;40;11;42;37
48;32;40;4;27;26
27;18;37;22;23;4
38;18;11;36;23;26
26;7;42;5;24;3
3;22;17;4;7;10
2;14;16;20;26;15
42;22;2;15;27;3
2;4;40;38;30;1
14;46;44;34;43;25
26;42;40;20;30;7
25;22;36;48;7;37
33;10;40;37;2;41
3;46;25;5;48;18
29;1;33;20;4;35
40;47;15;30;19;1
27;19;40;39;31;44
43;46;1;19;24;44
18;47;25;49;48;12
40;28;2;22;49;23
44;11;8;48;46;2
13;46;21;35;25;34
43;24;49;27;29;12
39;37;24;47;43;4
37;11;30;13;25;3
42;19;22;26;28;25
2;46;20;16;8;42
38;21;32;31;46;34
11;1;42;12;47;26
29;13;46;39;42;7
47;3;27;31;18;36
6;45;25;34;33;18
45;31;7;10;41;21
5;6;1;11;17;45
1;48;29;33;8;9
25;2;40;38;11;22
23;22;38;47;49;7
4;45;32;37;17;25
47;28;4;20;30;49
11;7;33;22;44;25
38;40;43;44;5;4
32;33;30;37;43;31
7;44;39;25;2;27
35;40;44;9;13;4
18;47;15;17;10;48
1;8;5;48;36;27
43;4;8;38;37;44
37;16;33;8;13;20
24;17;7;46;5;23
41;38;13;9;18;16
18;36;29;27;9;33
3;43;34;4;47;13
11;49;39;42;6;7
43;42;4;46;15;48
42;8;6;21;10;1
11;26;42;22;1;8
38;32;39;34;47;49
43;35;46;38;4;36
16;29;14;43;46;40
23;13;27;34;26;46
43;38;9;44;34;15
21;8;4;25;41;33
7;31;22;5;1;19
14;5;22;42;1;7
7;48;18;3;36;11
41;28;16;25;47;44
11;38;6;28;34;46
23;41;29;36;17;43
36;23;5;16;39;37
41;13;14;37;30;42
8;7;49;10;18;27
41;21;32;42;11;46
29;44;30;25;6;5
9;12;13;49;7;14
19;45;6;39;13;16
48;47;17;25;4;40
2;43;1;21;36;30
14;21;26;27;28;39
3;34;24;36;11;31
42;19;41;11;12;18
39;8;10;41;40;26
26;40;34;16;12;4
18;27;26;44;7;5
41;14;38;45;4;9
26;9;10;31;34;13
22;31;11;18;26;1
20;4;7;5;29;44
41;15;34;26;22;9
3;27;25;19;34;16
13;22;36;37;34;44
39;40;41;21;43;35
38;44;29;34;27;41
29;17;16;37;18;19
25;45;12;24;28;23
23;27;39;8;30;20
49;20;37;24;25;39
8;11;14;36;48;37
4;7;3;25;38;36
29;10;12;40;6;28
38;46;21;27;18;4
30;33;26;39;11;1
31;34;37;19;7;42
17;6;16;35;7;12
25;40;37;21;9;11
42;28;21;43;34;1
31;37;5;1;14;13
43;30;16;34;15;41
49;7;34;25;31;30
30;17;34;5;7;44
21;23;33;29;44;43
38;24;32;27;43;1
26;19;47;8;6;34
44;24;14;7;3;13
49;22;24;40;31;26
32;44;16;34;43;12
23;32;21;39;44;18
11;9;10;7;43;47
26;46;9;6;3;30
34;24;6;40;8;9
39;9;33;11;23;32
13;3;22;6;17;38
30;36;24;37;44;48
22;41;12;19;48;11
25;34;17;14;49;6
35;42;24;17;13;27
14;36;45;42;41;11
24;19;17;44;6;18
32;37;27;2;30;31
48;38;32;9;12;43
42;5;49;3;37;29
17;41;6;49;35;39
44;27;19;2;40;14
13;18;47;37;9;6
47;30;35;33;24;27
38;43;36;47;44;20
8;12;35;11;23;47
8;32;33;38;48;25
35;10;31;42;33;41
4;18;30;12;6;24
23;24;43;19;34;40
8;22;49;31;23;35
10;11;39;17;14;19
18;45;14;10;40;30
20;26;43;4;49;36
39;12;46;45;14;17
7;33;6;37;19;34
47;7;33;46;42;13
37;33;9;16;23;20
45;36;47;28;17;44
15;32;16;44;37;25
14;22;43;46;16;18
1;21;19;16;14;17
9;3;1;19;47;42
39;5;11;17;48;20
27;32;34;40;14;13
42;5;4;8;35;34
10;31;4;46;3;16
25;14;46;9;6;5
45;26;17;31;8;24
26;30;22;17;23;45
41;32;5;14;48;23
13;12;25;9;29;33
9;20;13;38;11;7
15;45;25;38;28;40
22;10;44;37;35;1
19;35;29;10;28;33
33;3;28;46;14;15
20;31;8;39;46;40
38;24;26;12;21;29
11;32;3;34;36;43
44;2;37;34;38;41
38;6;31;49;20;22
5;2;21;48;38;23
13;24;41;37;12;10
19;17;34;23;47;26
10;39;27;11;5;48
16;28;14;9;13;47
1;29;45;46;20;14
2;8;10;45;46;39
46;9;42;36;2;7
5;47;28;21;4;25
10;29;23;5;33;15
44;18;24;28;15;30
15;41;2;49;17;42
18;31;7;36;37;6
17;37;39;40;45;8
21;12;2;15;1;3
17;25;35;38;45;7
12;2;1;31;34;11
9;27;18;6;3;48
12;45;38;17;4;14
48;24;42;38;45;44
34;31;15;2;7;6
19;23;8;48;5;35
33;7;25;19;49;42
43;18;4;5;16;9
15;8;16;4;26;18
17;19;48;20;40;35
11;18;25;22;19;42
35;13;48;3;23;34
34;11;26;47;3;27
43;25;46;20;22;17
44;17;40;35;7;39
18;38;5;14;32;9
30;49;16;19;25;11
40;16;34;15;8;46
47;33;7;35;28;31
31;24;33;32;4;1
4;35;37;32;41;15
44;26;6;1;8;19
27;24;35;49;25;38
9;43;25;11;47;20
32;18;4;22;43;21
13;27;48;10;32;8
16;47;44;41;31;27
36;10;41;25;46;14
38;22;4;33;36;19
10;39;32;5;27;18
5;39;8;31;37;25
26;37;29;27;28;5
31;8;4;49;28;48
47;9;41;18;16;48
41;33;24;20;35;43
24;15;9;1;43;30
29;44;11;5;30;26
20;14;40;11;5;39
30;24;31;37;43;2
9;4;14;31;6;27
36;24;35;7;17;40
39;22;6;47;31;4
5;37;15;16;48;41
49;24;45;10;44;12
45;42;33;14;13;9
5;17;19;21;28;23
34;35;28;40;20;49
49;29;30;33;22;5
14;9;26;20;12;48
15;18;38;33;17;27
30;22;32;48;16;49
41;21;2;16;31;1
26;23;20;17;28;14
4;17;28;34;27;39
37;35;32;46;25;23
40;46;27;30;48;20
14;38;28;5;9;49
28;49;5;11;21;13
24;6;38;18;29;1
22;29;49;20;44;46
38;46;24;1;37;3
40;47;38;4;8;17
28;32;6;48;21;20
1;29;15;21;12;34
16;27;24;32;10;3
9;31;3;11;44;8
26;40;49;47;30;28
22;25;35;20;23;13
43;30;2;16;10;1
34;33;4;10;45;6
25;49;43;5;3;47
43;38;47;4;12;13
24;18;26;33;29;32
3;33;46;32;47;1
40;33;13;1;37;30
48;45;25;34;43;29
49;8;27;9;22;29
25;6;12;41;46;31
33;44;43;4;11;37
13;7;28;38;23;5
3;34;23;8;32;29
24;3;44;27;19;13
44;43;26;31;5;18
35;12;40;17;21;8
14;3;4;24;18;40
10;41;32;43;17;38
34;19;15;31;41;44
32;11;40;28;16;5
3;6;36;13;30;12
14;11;47;2;34;22
22;19;27;31;40;26
39;14;8;13;19;44
40;35;30;18;31;33
34;27;6;15;8;33
20;16;4;49;36;17
41;12;4;45;11;26
39;46;40;4;31;2
34;8;6;42;48;7
25;24;10;41;23;27
10;43;11;47;45;38
13;48;2;27;37;9
41;30;35;13;3;49
48;6;9;44;33;3
17;19;45;43;8;33
7;5;39;35;26;45
23;12;27;46;18;32
12;3;48;40;37;49
8;33;7;14;23;5
21;6;31;1;27;47
30;13;2;19;47;5
21;1;12;36;31;40
32;43;31;17;42;41
40;11;4;19;3;1
20;38;45;9;3;39
6;10;16;31;12;17
31;1;29;27;28;26
5;17;26;22;1;41
2;40;28;12;14;6
33;28;42;5;39;7
29;1;45;43;28;14
45;19;29;42;28;11
23;29;43;9;39;37
47;11;21;22;15;27
12;20;42;13;32;11
23;28;29;21;6;7
43;7;10;18;6;35
48;26;32;29;40;34
7;27;38;29;37;31
47;30;40;39;27;10
5;8;48;15;35;22
33;45;16;47;36;24
8;45;19;7;25;28
27;5;41;43;46;42
26;15;43;17;5;24
49;33;46;7;18;19
8;35;36;7;31;49
47;39;41;36;18;27
38;28;3;10;45;13
2;36;8;40;38;17
4;30;14;32;25;15
9;42;35;33;7;3
48;45;34;13;19;6
16;12;1;22;30;10
16;43;20;19;15;5
22;47;41;9;48;13
39;5;25;28;26;4
27;44;22;21;36;2
11;26;24;20;41;1
2;14;5;42;39;35
30;45;5;3;10;6
41;17;45;28;37;6
36;45;39;8;7;14
35;2;4;47;39;23
42;24;36;45;32;4
14;23;28;9;36;21
22;44;6;36;30;26
7;11;17;42;21;18
46;44;39;10;15;19
27;41;16;33;31;36
22;6;1;19;46;10
41;45;42;36;26;9
20;39;45;34;38;37
16;7;37;23;25;1
39;27;25;24;9;35
47;8;5;16;43;26
16;27;7;35;33;44
39;3;6;24;20;2
29;33;16;6;40;4
5;4;9;7;49;48
18;45;21;33;48;32
2;34;35;21;48;7
40;14;46;7;1;3
5;49;8;37;43;18
14;47;6;28;43;32
11;30;39;40;32;29
26;42;28;36;22;15
24;1;19;18;36;26
16;9;25;43;6;20
13;4;37;7;21;49
48;5;6;27;41;18
34;18;22;8;48;31
30;21;7;39;3;24
38;43;9;29;25;6
18;49;46;2;47;22
35;38;37;14;30;25
44;20;18;27;1;26
21;41;40;37;49;2
47;23;33;49;22;43
34;29;28;7;6;43
29;2;32;33;15;39
19;25;43;47;1;6
25;23;10;45;6;49
29;24;18;9;30;13
18;12;11;14;32;31
49;18;26;27;8;28
33;48;5;44;41;40
24;5;20;40;21;17
18;7;25;26;41;16
41;12;40;17;1;29
47;11;16;29;38;35
48;27;4;5;40;42
47;14;18;10;39;24
1;42;49;30;25;31
4;43;19;10;25;33
46;2;37;14;47;45
15;25;27;47;38;16
45;19;42;12;22;43
10;24;33;4;12;7
24;33;23;7;1;42
35;45;8;9;16;20
34;35;10;25;44;26
10;16;23;45;22;9
1;2;40;17;22;18
22;43;11;38;7;49
23;42;1;9;38;47
15;8;24;1;29;12
20;46;49;41;5;24
33;7;2;6;20;24
37;48;17;31;19;27
10;47;26;41;35;22
29;16;8;17;28;43
36;14;22;28;46;38
48;9;26;23;40;25
32;25;11;37;28;44
20;37;9;47;44;14
47;30;23;36;11;19
5;25;43;14;49;6
35;3;36;41;10;2
3;40;36;9;15;43
26;24;23;35;1;30
31;11;9;26;47;4
34;21;35;24;9;19
18;5;31;11;30;2
27;14;13;17;16;25
47;40;29;5;7;46
30;4;19;26;47;46
33;16;28;12;36;40
2;23;16;17;27;38
40;4;49;38;1;30
18;47;49;45;24;15
34;12;5;21;40;32
25;46;20;40;22;35
17;49;6;47;36;2
47;7;28;34;29;35
7;46;30;33;28;2
40;41;25;49;39;16
3;22;10;42;41;9
34;26;30;24;9;18
38;8;30;24;36;19
40;41;36;49;7;11
42;36;13;21;44;35
40;46;39;8;30;32
12;13;20;41;11;5
31;26;17;3;21;19
4;5;16;19;26;1
10;19;39;31;27;14
13;14;12;18;27;44
6;27;17;39;35;20
36;4;23;13;49;17
33;49;5;38;37;40
38;7;22;13;35;23
26;43;28;39;35;27
12;5;6;29;34;1
1;45;14;26;10;49
26;11;20;17;30;19
18;5;40;6;4;21
14;48;7;30;6;15
18;10;21;36;17;9
22;48;37;19;2;41
36;17;37;11;23;7
9;4;19;15;30;33
46;48;12;3;9;36
1;10;14;9;3;38
5;9;17;47;43;38
3;40;19;24;4;9
21;10;3;28;12;32
16;30;26;10;17;3
25;39;6;4;21;35
32;21;30;9;27;46
17;44;25;3;10;46
48;15;20;46;23;47
2;18;4;8;5;40
13;11;47;41;32;18
44;24;9;39;3;35
16;31;12;17;34;43
38;48;37;22;12;25
44;18;5;35;23;10
28;15;31;5;26;37
24;35;33;39;47;6
45;26;40;27;12;9
31;35;45;40;1;22
25;19;40;49;42;10
17;47;21;45;2;31
22;14;29;35;30;43
49;45;48;33;26;11
3;24;1;10;49;17
7;34;45;23;29;1
20;29;19;13;25;44
5;45;17;12;29;7
45;31;10;41;40;49
45;19;48;43;18;34
48;22;30;47;5;13
14;42;41;4;8;6
12;25;6;27;18;35
34;10;7;19;41;32
30;9;31;24;28;49
43;27;34;22;35;6
30;5;28;25;40;41
47;46;25;5;44;31
31;41;37;5;25;3
49;20;11;30;18;4
21;13;25;34;48;17
20;28;40;43;23;16
7;43;1;9;46;12
4;29;36;39;33;30
14;42;32;5;1;48
41;48;32;2;30;19
4;24;8;33;5;43
30;2;38;28;12;9
1;20;39;24;25;4
45;48;21;22;25;37
38;46;36;48;6;34
38;25;5;40;39;3
42;23;43;47;2;13
14;10;22;39;17;31
7;17;16;47;9;5
22;36;1;15;24;3
48;38;3;14;31;35
13;20;38;33;45;27
42;10;35;17;27;46
12;38;6;8;33;42
30;34;31;41;48;28
19;40;26;45;30;43
39;6;34;30;7;33
25;36;8;37;40;1
17;1;21;47;39;24
30;46;32;12;11;33
44;1;30;48;49;7
40;23;14;42;48;10
31;14;46;6;39;28
27;37;10;20;15;6
49;13;28;47;1;19
26;21;49;7;27;2
38;43;28;2;1;8
42;22;12;34;29;33
42;49;33;27;41;34
13;28;2;45;42;20
4;42;9;44;17;45
3;2;23;6;39;35
34;26;12;7;24;33
5;22;20;6;45;18
4;31;49;19;48;23
10;4;29;46;49;44
41;11;16;36;38;3
43;9;26;15;13;38
16;1;44;47;23;39
35;45;30;4;36;2
10;11;38;5;35;39
36;27;4;6;40;37
8;41;19;47;38;29
32;9;14;46;12;27
27;19;38;36;33;28
42;10;34;33;8;11
40;45;18;27;44;15
8;44;26;20;10;3
27;34;21;5;36;18
6;11;7;48;23;16
16;26;20;38;4;32
45;7;33;8;24;44
1;31;39;34;14;49
23;13;41;14;43;38
13;33;14;36;8;11
14;43;26;31;28;13
16;7;26;4;29;23
9;43;24;17;49;19
42;49;18;23;5;30
3;22;24;15;5;37
6;11;26;9;10;22
31;11;33;6;2;3
25;32;29;28;24;1
3;41;27;15;11;26
15;2;28;31;35;33
3;43;7;31;21;5
33;17;8;6;49;29
17;10;15;7;22;47
49;41;44;45;34;37
31;14;22;39;45;37
3;13;1;6;19;46
13;36;42;43;34;7
30;15;19;39;37;8
48;23;22;34;40;30
32;15;20;13;37;49
44;46;15;8;22;47
21;22;31;28;17;42
12;42;10;16;40;23
9;4;21;29;34;7
20;10;45;31;19;9
42;17;1;25;41;26
18;14;34;23;39;27
18;24;44;31;13;28
45;12;29;25;4;44
23;42;31;32;22;19
6;23;16;38;45;3
2;18;49;26;34;39
17;11;39;12;3;7
25;41;33;10;36;29
3;34;4;10;8;17
31;2;36;1;16;5
21;24;30;16;20;38
23;27;11;8;34;25
47;6;15;49;28;46
33;10;9;3;23;11
36;39;27;20;4;24
20;36;4;29;44;14
35;13;20;43;26;23
28;6;8;14;33;18
33;17;40;7;42;14
43;30;4;32;20;7
13;24;37;7;17;44
19;17;11;6;42;4
31;13;1;28;37;27
8;24;1;45;23;11
49;38;33;31;39;14
11;49;30;22;48;44
43;31;16;2;7;20
33;45;26;8;41;43
1;30;24;9;31;48
27;2;34;26;31;14
49;1;36;28;31;38
28;27;36;21;49;1
32;34;28;14;6;40
36;6;3;34;41;11
39;11;43;15;34;31
9;27;22;40;20;29
33;2;48;14;42;49
26;6;25;45;12;3
29;36;34;13;15;25
41;24;3;9;10;47
34;22;46;43;42;26
49;37;36;34;28;17
20;7;23;15;14;46
4;47;16;12;3;8
6;49;29;34;22;46
41;21;15;11;13;2
33;10;18;6;28;38
41;5;12;1;15;3
47;45;27;8;48;2
15;42;30;9;1;26
47;25;41;34;40;43
39;13;49;42;14;45
7;49;16;8;10;40
35;29;12;23;41;21
28;24;42;39;10;9
2;25;24;19;1;47
44;46;10;34;13;23
13;49;37;26;18;3
3;32;45;37;29;7
34;10;45;33;9;41
20;12;13;37;17;31
2;26;23;12;28;42
10;27;2;30;7;49
10;33;37;9;17;45
28;30;40;38;41;26
10;4;11;45;3;47
48;16;19;8;27;47
30;31;20;7;23;22
10;11;37;28;15;16
20;10;37;6;4;26
46;6;12;48;7;27
39;14;27;9;6;28
25;41;4;6;49;26
1;13;25;27;10;45
20;25;42;1;7;33
7;22;11;43;44;6
1;22;42;23;37;18
44;39;12;40;13;1
34;21;9;18;39;36
39;20;22;19;5;4
16;6;34;18;44;12
35;9;6;22;37;12
24;37;9;2;22;44
40;26;5;7;42;33
21;48;4;34;22;43
34;43;31;11;6;42
28;34;10;36;29;17
23;37;21;29;10;31
14;48;1;31;33;36
5;3;34;27;9;48
27;35;31;42;8;2
41;22;23;42;5;34
40;9;28;46;10;11
24;23;38;13;10;48
26;39;32;8;35;2
43;33;8;14;3;25
5;40;4;39;45;37
44;10;30;8;29;20
36;30;16;49;31;24
9;31;12;24;11;23
41;13;29;38;8;18
22;35;8;20;25;34
2;10;21;48;16;45
6;34;37;2;9;46
9;34;3;31;32;24
7;17;22;12;41;27
7;47;27;30;43;8
17;42;19;7;20;47
47;44;24;31;16;41
32;30;24;44;36;21
32;39;43;4;3;40
2;30;32;45;43;15
20;13;47;30;32;37
46;30;5;7;9;21
1;23;9;12;27;22
42;11;49;7;6;15
11;34;12;9;44;21
40;22;27;4;2;10
15;24;32;17;37;27
15;41;38;20;43;8
22;2;38;42;15;25
44;47;49;12;10;15
36;23;4;29;25;45
4;1;16;46;35;34
28;17;22;29;40;4
26;16;30;37;42;38
4;45;26;41;14;32
1;8;36;22;42;19
40;15;36;19;16;28
43;26;4;28;10;20
31;29;20;33;18;15
11;48;20;8;36;21
7;3;38;45;43;8
26;35;49;15;20;14
34;24;23;32;2;10
27;3;22;2;38;48
7;35;47;8;17;36
6;4;34;28;7;43
21;3;39;28;47;45
11;37;39;28;27;29
20;42;11;9;35;31
4;16;11;43;12;21
9;13;5;30;39;11
5;13;22;29;18;2
4;35;34;47;26;14
25;10;21;36;1;35
20;18;17;31;15;13
43;46;47;24;34;1
4;21;45;42;26;31
28;6;27;26;43;25
49;3;44;4;12;2
42;25;4;9;33;16
5;20;33;16;41;48
31;23;48;3;39;41
36;17;44;14;4;32
42;11;41;12;35;23
23;32;49;2;25;43
7;12;22;43;9;19
33;16;8;44;15;47
24;15;23;32;5;7
14;12;38;17;15;31
6;44;45;13;18;22
1;12;32;24;49;16
19;4;28;11;46;48
42;1;43;22;47;39
24;11;31;16;13;3
7;11;21;23;27;37
36;49;29;30;6;24
21;14;46;40;6;10
26;23;20;3;37;6
18;17;6;49;41;37
29;9;7;1;22;32
38;4;12;32;42;46
10;40;7;5;8;38
36;2;14;16;12;46
47;15;3;1;38;24
9;11;17;31;7;14
21;5;46;10;42;2
39;13;48;35;15;2
22;43;13;42;39;41
28;17;40;42;29;47
15;43;48;39;49;19
3;29;41;14;18;31
34;7;22;10;43;2
22;1;21;15;20;33
31;38;44;42;28;6
33;26;44;37;38;7
32;39;48;47;13;8
5;44;49;8;26;45
17;37;47;42;4;29
21;34;10;13;23;38
31;49;25;32;41;14
4;47;44;41;49;3
13;21;3;33;32;17
11;2;36;26;22;1
29;19;5;28;37;12
3;17;7;2;38;37
2;4;20;42;48;9
10;20;5;2;42;25
45;6;11;24;31;32
43;35;6;19;11;18
40;15;7;41;10;14
18;26;2;17;41;13
2;1;45;44;7;41
30;40;22;8;24;36
25;16;34;45;41;47
36;15;32;47;42;35
8;6;47;31;27;28
33;28;20;29;13;14
11;44;16;9;19;42
17;35;18;21;36;43
15;3;9;21;33;18
35;3;23;10;13;27
32;11;35;36;23;28
6;48;38;4;42;46
10;40;43;7;29;42
37;35;46;18;26;41
39;32;19;9;36;37
37;38;47;45;3;14
32;11;49;2;26;18
32;31;11;39;15;30
4;36;31;40;5;43
43;12;1;14;27;3
2;43;6;14;38;25
1;5;9;45;30;2
32;3;19;43;40;8
6;31;11;24;35;23
37;20;13;32;9;10
2;46;44;35;16;30
13;4;36;15;39;19
34;19;41;38;32;9
15;40;8;37;24;28
23;42;8;34;3;5
35;32;39;43;22;44
12;22;14;8;17;25
33;43;22;23;15;26
23;36;35;24;44;13
8;34;30;39;7;29
25;24;45;26;4;12
22;12;16;34;43;29
19;23;40;41;34;5
32;27;31;22;5;49
39;11;33;22;14;17
23;43;30;3;4;44
8;25;33;9;39;45
31;22;20;37;41;30
36;16;19;34;27;11
38;45;34;48;10;28
15;20;27;24;40;16
41;47;43;23;22;10
44;24;31;43;45;39
16;25;40;44;42;10
24;48;5;22;39;18
42;48;43;39;45;16
21;25;13;22;33;7
14;8;2;6;28;4
34;37;9;28;1;27
19;32;11;10;46;42
1;44;11;25;3;10
16;25;23;8;44;6
47;24;4;44;14;8
10;18;43;12;24;44
30;33;45;24;34;36
30;32;24;12;31;17
7;6;16;42;8;29
1;5;26;13;22;29
26;4;38;49;18;22
19;8;18;11;2;38
47;14;18;15;7;29
5;36;28;44;48;2
24;11;16;7;49;39
37;10;40;25;22;16
3;43;30;6;32;31
48;17;20;24;14;2
2;22;33;24;37;46
38;2;13;40;43;34
12;7;6;34;18;17
46;47;15;28;11;9
39;28;31;21;16;14
39;43;7;46;10;5
17;49;46;13;11;34
8;43;4;10;16;37
15;10;22;34;41;49
9;29;44;6;49;12
11;36;15;5;20;48
17;35;31;22;38;44
10;24;25;20;47;2
25;3;12;6;22;41
45;30;6;33;26;4
45;3;9;17;47;37
38;39;35;27;13;18
49;16;46;18;45;27
10;23;27;15;35;24
23;19;25;20;34;30
30;21;24;6;20;22
9;15;40;47;25;19
10;14;49;36;45;4
46;41;49;14;25;47
48;40;24;13;32;12
18;14;35;32;26;24
37;3;2;47;34;8
35;42;13;18;37;5
10;11;35;38;17;16
41;40;23;33;13;5
45;29;12;26;7;46
40;3;30;39;19;26
19;16;10;37;20;49
11;12;36;17;19;44
40;31;16;39;36;49
20;27;1;26;24;40
41;10;36;5;35;11
19;25;42;37;34;30
19;12;39;13;49;43
49;39;16;6;11;41
47;46;20;33;26;17
9;34;18;23;32;20
28;5;43;46;32;21
25;29;42;14;33;37
9;20;17;4;25;35
40;7;34;29;28;27
42;21;13;22;41;14
1;23;48;25;18;44
25;48;41;39;49;33
33;2;36;13;14;7
1;27;13;45;46;47
42;28;17;32;35;6
2;19;17;42;7;3
28;42;20;11;10;23
29;20;36;11;7;49
43;17;22;31;20;28
15;43;24;4;37;21
16;20;40;34;33;46
34;24;46;49;22;25
28;31;13;30;46;33
32;6;29;33;44;20
6;3;17;33;7;13
43;32;4;14;8;30
2;16;9;47;14;37
30;26;5;15;22;18
49;36;28;44;9;43
4;35;40;6;22;31
4;11;36;16;29;19
35;3;25;19;6;48
13;11;40;32;12;5
28;43;48;41;26;39
41;31;43;29;1;32
4;37;30;29;35;24
2;5;4;17;9;12
2;46;12;4;25;1
23;4;16;41;32;9
28;27;15;5;17;29
3;11;2;30;19;43
11;19;22;15;12;21
33;3;16;21;40;32
13;47;8;45;19;33
22;7;33;19;15;1
34;43;29;8;9;23
13;44;28;12;25;18
49;11;12;30;15;39
1;45;39;5;9;47
33;14;34;17;18;4
21;8;11;49;22;12
13;43;8;24;19;17
28;16;1;18;24;47
32;4;34;17;29;33
33;5;8;26;35;46
1;8;4;35;45;10
41;15;32;39;20;25
37;18;41;24;48;13
18;16;14;7;26;2
5;16;7;43;31;27
28;14;45;43;3;9
39;42;16;4;21;40
6;36;45;26;35;18
46;9;29;2;10;11
15;20;37;14;48;42
14;2;18;36;26;35
49;46;36;29;24;42
27;26;33;41;32;23
8;23;2;22;12;28
13;12;33;21;26;38
6;8;35;29;5;34
3;23;7;35;19;14
34;22;23;37;28;6
35;30;8;11;45;21
15;17;6;46;34;22
11;41;34;24;9;35
46;41;23;13;39;14
1;2;32;24;31;5
11;25;3;8;46;30
33;47;42;16;12;14
40;27;39;6;16;22
18;32;19;47;49;38
36;38;48;4;42;9
33;28;13;39;7;15
41;48;27;6;13;14
9;19;31;15;43;38
5;41;35;18;48;20
46;11;10;41;16;21
34;11;40;16;42;5
19;37;17;28;20;25
18;31;37;32;13;23
25;33;16;1;29;47
19;31;14;9;39;27
32;26;12;39;44;47
47;26;6;23;16;9
35;49;4;19;17;3
36;40;13;20;39;44
41;6;29;22;16;18
33;21;42;16;32;46
19;33;10;34;29;12
14;36;22;6;40;30
23;34;29;5;41;12
31;35;29;26;8;28
10;31;9;11;20;1
33;30;13;27;41;3
36;49;24;13;45;28
38;35;8;26;1;27
46;4;19;17;34;29
11;10;13;22;41;20
17;46;38;34;37;22
4;38;24;15;31;49
46;16;8;28;18;34
23;6;22;21;32;44
25;21;6;41;14;24
37;1;29;34;4;24
42;4;20;3;28;37
36;30;8;45;22;10
16;19;40;22;10;7
32;38;11;14;6;27
45;18;23;36;9;11
30;26;25;47;1;39
3;27;15;14;38;22
42;19;49;11;23;7
8;24;18;33;20;12
32;26;11;16;12;35
40;42;8;11;44;21
4;40;33;41;8;43
11;41;33;49;9;36
12;23;22;8;26;16
31;14;13;34;21;29
25;1;18;16;11;20
7;32;2;41;31;22
36;31;19;28;33;41
44;29;43;49;27;40
29;47;32;15;17;26
31;17;42;2;8;36
23;39;10;27;4;28
28;16;10;43;9;6
23;4;32;44;5;39
49;42;46;23;12;38
31;10;27;46;24;41
18;42;24;5;3;6
18;43;10;14;38;27
13;29;21;47;17;9
43;15;45;33;1;2
34;25;29;47;31;24
40;43;28;10;8;46
2;18;16;5;37;39
31;34;25;10;8;15
7;26;8;34;6;35
37;34;15;30;38;33
24;6;23;35;17;44
3;6;23;41;43;40
43;21;7;41;13;37
20;14;27;48;28;6
12;16;7;42;15;30
33;47;14;26;49;8
47;24;26;40;9;33
1;30;23;39;10;38
23;33;49;3;13;38
44;12;4;31;42;18
44;1;25;10;29;47
11;20;32;16;38;27
34;25;10;2;5;4
37;29;36;14;32;8
19;44;3;38;33;47
21;43;39;15;24;17
27;6;12;26;36;32
13;20;19;18;6;21
19;5;17;2;28;11
36;29;3;24;18;46
29;22;37;33;24;47
34;15;8;36;11;47
6;20;7;32;1;11
6;33;13;32;18;7
49;46;26;43;45;27
1;33;6;24;4;47
27;19;37;1;16;48
7;18;39;37;6;3
10;15;40;27;24;45
45;24;13;34;8;47
32;2;34;48;49;11
40;41;35;15;36;29
40;27;3;13;25;47
19;14;24;12;48;4
48;43;16;7;11;14
25;32;6;43;11;35
22;48;4;24;40;33
33;38;25;29;49;47
15;10;26;35;1;21
8;22;9;13;3;49
3;43;7;23;42;33
49;26;34;14;38;4
35;37;43;39;49;22
42;17;2;23;22;39
43;40;25;1;26;27
23;46;29;42;19;37
15;35;2;10;44;12
16;2;44;4;7;6
26;48;42;29;39;37
8;35;33;21;34;6
20;41;6;24;19;7
40;46;42;3;26;23
11;47;37;20;17;33
15;20;4;35;14;17
31;28;5;48;14;8
20;16;40;45;17;15
36;31;18;34;30;13
41;46;45;16;44;24
20;42;36;34;43;47
23;42;36;26;1;31
44;15;34;11;48;5
21;2;45;23;10;44
13;9;26;30;41;37
27;9;38;42;1;17
28;17;31;10;15;22
33;40;1;46;32;29
1;48;28;17;46;33
3;6;22;24;28;17
39;19;33;13;11;27
2;31;37;15;43;5
8;20;30;22;7;41
3;6;33;25;49;12
10;43;30;6;29;49
21;11;32;16;29;43
6;22;10;33;9;29
29;20;23;47;21;34
40;4;38;24;31;26
8;45;2;13;44;25
41;16;31;27;37;49
19;43;41;32;26;44
15;18;23;22;38;40
41;49;13;43;12;22
3;47;20;1;2;49
15;1;37;34;12;14
16;34;28;5;32;40
11;49;31;1;7;15
17;27;25;35;22;16
45;22;38;29;35;40
48;3;16;6;26;7
24;7;37;44;4;18
19;48;38;41;39;49
36;8;26;19;39;49
41;48;6;9;8;34
11;16;31;1;20;44
24;49;48;41;40;7
14;47;12;29;40;10
39;4;20;41;34;1
46;48;49;13;28;35
34;20;8;22;44;46
38;48;43;15;13;28
9;37;36;42;10;43
10;5;12;46;47;14
26;8;6;11;15;33
44;33;6;39;18;14
44;33;23;39;46;11
34;49;30;13;8;3
43;8;42;46;7;26
21;47;6;31;46;2
28;3;49;25;2;38
11;45;2;34;9;17
5;24;32;36;7;15
24;1;10;9;29;27
32;2;12;28;23;48
45;40;26;11;21;42
6;23;4;3;45;2
38;23;20;36;24;27
48;34;15;19;42;27
10;11;33;1;8;15
25;40;31;27;4;30
27;43;40;36;32;25
49;23;38;44;11;32
36;13;34;3;43;10
11;43;38;35;31;25
36;41;21;18;44;3
39;47;49;45;22;26
22;36;26;43;6;7
10;7;48;11;43;15
18;3;8;26;11;14
39;23;27;45;28;47
28;8;22;12;3;4
37;31;33;12;36;28
4;26;2;5;27;36
34;17;44;28;2;4
31;16;14;32;24;7
22;26;20;5;47;29
4;11;38;14;6;15
22;23;24;39;33;6
6;27;20;5;45;36
49;35;26;17;46;44
28;6;16;33;25;5
45;2;17;48;14;4
10;14;6;15;2;29
2;20;47;14;39;12
46;3;38;32;29;26
17;39;10;34;4;42
35;17;24;10;37;5
30;37;49;9;41;16
1;2;3;38;21;13
7;35;39;30;46;31
31;23;21;16;38;29
30;5;17;34;7;32
43;26;45;27;31;32
28;35;45;15;26;10
35;38;45;37;24;9
48;6;36;28;38;31
48;39;7;14;19;49
28;11;32;3;10;43
22;12;15;28;16;9
48;7;5;11;22;21
6;22;42;30;11;4
40;7;32;3;31;41
29;16;45;4;38;2
16;32;20;2;1;22
6;35;23;8;36;24
29;25;23;17;3;44
40;2;41;14;7;5
2;30;28;13;36;32
47;30;21;49;39;19
12;38;47;26;3;30
6;15;5;7;23;10
14;16;49;43;6;25
18;42;19;49;29;3
10;19;31;43;5;35
31;22;32;39;2;43
36;43;22;28;7;44
36;9;13;17;7;14
11;17;49;8;20;3
41;16;19;11;29;43
18;3;48;28;29;38
17;38;20;28;26;11
3;46;33;11;29;18
15;28;31;8;2;36
34;20;11;31;30;40
38;6;3;47;39;26
31;47;19;25;6;40
42;24;14;36;16;11
31;39;36;9;3;17
9;39;8;3;34;35
13;42;28;19;17;25
15;5;29;21;27;48
30;6;29;27;2;25
29;35;3;22;2;37
39;22;44;37;26;1
34;19;17;38;31;1
43;22;24;37;41;12
12;40;48;42;28;16
23;22;21;30;10;40
46;11;4;20;30;21
22;32;8;40;13;43
7;43;14;26;30;33
31;23;37;3;41;32
46;17;42;27;43;47
3;48;12;9;35;44
9;29;46;22;48;11
38;44;14;29;25;46
49;38;32;9;44;40
10;38;24;4;14;40
23;26;7;21;33;16
25;20;22;24;9;18
36;30;12;13;10;45
24;15;38;12;19;9
36;22;35;30;12;13
28;12;13;33;32;6
12;5;15;16;35;46
43;42;19;39;9;24
24;36;42;16;9;19
7;30;35;12;19;33
28;42;31;36;11;38
33;1;47;39;30;24
13;22;20;41;49;42
19;15;9;4;48;26
18;38;7;49;39;22
5;27;38;17;19;6
44;2;18;34;35;12
25;5;27;35;4;17
46;40;44;26;27;4
43;9;22;6;32;10
46;25;24;8;23;6
16;19;25;36;39;48
36;44;45;28;20;31
14;8;29;23;5;38
6;49;41;22;39;43
32;16;36;26;11;15
26;42;18;2;46;23
37;32;48;24;45;36
3;12;36;34;15;26
17;49;18;46;47;42
26;32;17;7;16;9
44;18;42;4;29;33
16;15;37;18;10;35
44;31;17;7;8;48
18;43;29;21;36;4
46;39;32;26;25;30
19;31;9;8;48;11
5;47;13;24;28;38
33;44;5;34;13;16
32;45;10;16;24;43
12;27;4;38;7;31
33;3;23;36;12;41
23;7;1;40;25;10
7;46;34;29;30;10
22;38;3;43;30;36
24;20;11;8;7;5
28;48;42;20;4;6
37;14;21;17;42;47
39;32;46;43;12;6
48;28;38;16;13;49
24;18;35;49;30;28
48;46;25;3;47;4
22;40;44;23;12;13
35;23;34;3;48;7
35;48;38;6;10;30
35;41;14;40;34;2
25;1;23;30;28;19
26;21;42;9;11;20
2;32;39;22;30;7
39;9;37;21;42;24
6;21;2;16;5;31
2;34;7;16;27;13
16;29;13;44;40;10
17;31;19;13;41;5
27;24;20;21;43;28
42;12;47;35;27;23
43;11;3;6;44;21
17;42;6;11;12;47
6;20;43;33;38;28
41;30;12;32;44;21
34;1;7;6;13;28
36;39;2;32;18;26
18;15;10;41;44;6
38;22;41;6;24;10
26;3;45;25;4;18
39;26;17;5;29;37
29;26;41;17;31;3
41;19;49;5;34;6
33;25;15;9;38;20
26;33;38;30;14;28
9;37;13;12;10;11
11;6;41;8;20;40
6;31;45;21;5;7
15;22;3;40;11;37
36;41;46;3;30;24
10;49;29;2;15;5
35;3;28;1;22;31
7;9;23;10;18;36
25;29;14;15;47;16
21;14;25;18;43;39
23;40;19;18;47;39
17;6;33;18;11;32
45;8;32;24;38;23
25;11;33;39;7;27
32;38;49;44;16;43
42;47;1;14;6;40
34;31;4;35;36;46
9;39;19;13;16;48
1;23;3;21;42;39
33;4;31;7;24;45
21;34;37;32;6;19
1;44;36;34;32;23
31;14;16;27;12;26
15;11;27;48;30;29
12;42;49;25;35;1
31;22;28;23;35;30
39;26;4;21;9;43
24;4;14;48;41;30
17;49;6;31;8;33
41;45;1;8;9;13
28;24;32;47;37;14
31;25;13;14;10;19
48;18;26;5;34;4
11;6;25;5;1;37
44;33;8;32;24;11
38;17;46;30;7;24
4;23;35;10;14;32
1;29;16;21;44;47
29;11;22;30;9;41
12;5;26;43;8;18
28;46;44;17;16;22
4;32;6;10;24;3
43;33;38;14;45;25
45;43;10;44;36;48
27;22;49;20;15;39
19;37;17;36;38;28
17;46;41;42;10;43
43;5;32;19;20;11
33;19;38;1;46;39
8;29;22;47;11;46
41;11;48;15;12;29
18;27;7;37;47;1
38;43;22;8;47;6
46;47;42;7;45;27
29;22;37;40;49;21
47;25;12;14;23;13
26;27;28;25;6;47
42;36;29;21;41;23
44;24;31;46;42;27
41;18;3;31;35;42
20;38;43;25;30;27
2;45;41;49;20;25
3;16;48;22;46;36
6;19;41;16;7;1
4;8;42;10;32;28
15;43;48;39;21;23
40;6;23;25;46;12
30;4;5;19;41;3
27;13;39;19;16;48
30;7;46;26;6;27
22;29;38;7;16;32
43;23;34;12;28;20
20;44;41;37;14;47
46;47;36;2;15;11
33;39;46;29;14;37
5;44;3;17;39;14
34;21;11;22;35;4
3;1;36;7;11;23
43;38;41;7;20;9
3;18;45;9;6;7
38;6;26;2;40;43
7;29;35;14;41;13
39;20;49;3;7;27
34;16;15;47;14;40
33;38;26;2;11;30
28;46;4;6;14;27
4;11;14;29;8;12
31;3;24;2;44;11
48;20;37;23;8;24
15;22;29;48;41;16
45;34;12;2;40;22
43;5;4;26;1;18
12;15;48;8;37;41
6;21;32;38;16;35
33;16;20;31;45;42
41;33;29;19;3;28
42;11;35;41;10;37
47;17;42;14;32;18
13;33;5;38;12;39
30;19;11;42;20;35
43;18;34;48;45;9
17;18;31;30;5;42
43;22;18;33;20;19
30;46;41;4;47;17
44;30;37;25;18;39
36;20;31;16;7;4
7;15;10;38;35;39
42;13;29;48;36;7
45;10;6;15;28;24
9;42;26;14;3;30
24;28;22;48;38;16
2;46;26;44;3;45
3;26;36;42;16;30
23;8;28;16;12;44
2;16;35;18;3;20
1;47;43;13;22;12
2;19;44;26;46;28
6;2;28;26;22;15
30;1;24;5;42;4
8;17;12;37;44;29
33;24;14;18;10;44
34;6;33;31;16;15
16;39;49;2;1;22
41;31;40;32;33;18
25;33;28;7;11;12
49;40;26;5;38;37
22;28;17;15;41;29
28;41;10;19;23;9
17;4;24;39;49;18
18;6;36;4;29;22
47;29;49;1;18;33
29;7;17;26;40;9
12;40;45;24;33;5
11;4;25;39;17;48
41;28;15;14;25;20
31;48;29;8;1;24
21;48;33;19;49;9
12;42;46;23;17;29
14;43;36;19;46;41
10;6;3;24;37;47
10;31;12;44;3;26
12;29;35;42;47;6
37;3;30;44;48;32
24;3;43;31;1;6
9;27;24;13;21;36
22;33;10;46;7;1
21;13;34;47;32;18
41;22;40;15;19;9
14;17;27;45;8;26
35;47;23;43;30;1
12;3;45;36;27;42
13;10;31;34;46;48
14;18;46;35;25;19
21;31;34;23;39;9
12;14;15;19;7;46
27;26;40;16;2;25
14;16;12;47;29;19
40;48;33;18;34;23
10;47;19;33;18;31
25;10;28;16;34;49
34;38;32;19;2;17
45;20;18;30;43;32
24;39;38;26;32;35
29;31;1;16;30;13
48;13;5;47;31;23
15;37;10;49;7;25
16;40;8;10;17;1
43;10;46;33;7;37
48;32;37;13;46;10
39;49;30;26;20;47
26;9;29;35;11;46
37;4;15;49;44;10
44;16;31;22;10;9
31;1;41;40;3;33
13;5;1;41;9;26
38;1;23;28;17;10
6;30;33;42;25;19
1;4;47;39;38;46
13;17;49;36;2;35
38;20;15;22;5;14
1;49;20;13;5;11
15;8;27;17;35;16
6;1;21;37;26;9
43;36;30;28;14;26
11;35;2;39;49;14
16;34;42;44;32;37
20;41;39;10;31;19
15;5;13;30;44;26
41;31;10;19;13;26
48;5;46;47;2;29
30;10;36;21;6;9
9;17;5;45;39;24
25;35;30;40;46;19
6;22;35;42;31;5
48;44;30;2;5;33
45;6;13;27;21;38
7;12;33;48;49;13
8;27;2;17;12;19
35;43;19;8;41;40
10;34;11;6;44;2
44;49;4;5;32;28
30;15;26;6;8;4
16;38;42;4;37;18
44;34;1;49;37;40
33;27;14;20;41;10
18;22;34;44;30;1
18;28;40;1;20;49
47;25;29;48;5;43
39;5;18;6;17;7
33;6;30;23;13;26
34;26;42;43;21;15
33;26;45;6;47;25
11;23;12;49;17;43
6;30;28;39;14;37
41;2;30;34;10;49
23;30;31;45;28;37
42;48;16;14;6;35
8;33;32;43;22;1
7;31;41;37;40;3
30;8;25;14;36;18
21;27;7;11;19;18
6;1;24;43;11;3
31;35;20;3;2;15
3;46;35;47;37;34
29;24;11;18;1;8
45;21;32;15;18;4
41;44;11;15;38;46
20;34;25;37;7;26
17;6;1;28;41;5
35;48;14;33;32;21
29;35;47;39;37;22
29;41;13;7;38;19
33;42;16;40;43;32
48;2;32;21;36;26
43;11;18;44;45;15
28;36;8;5;7;26
19;30;1;26;48;12
38;42;9;43;32;35
39;20;33;6;41;13
20;47;6;2;19;9
38;39;19;20;13;44
2;39;38;15;6;1
38;31;44;28;27;4
47;41;26;42;32;45
21;12;19;10;1;47
16;47;48;39;43;5
42;40;48;13;18;36
34;11;17;49;32;37
38;34;42;33;43;44
29;6;35;24;28;34
42;3;23;38;21;39
30;18;22;11;45;4
3;22;30;29;4;1
42;37;27;29;45;47
48;5;39;37;21;13
22;12;14;45;17;46
29;32;27;38;34;20
23;37;27;4;3;28
39;40;10;28;11;13
26;14;11;9;5;39
25;49;17;14;1;2
41;15;6;9;42;38
25;19;21;13;3;42
2;28;39;37;16;49
14;28;46;41;30;22
12;45;46;32;3;22
39;7;33;13;18;36
25;20;41;27;17;24
46;25;42;1;5;7
4;28;1;9;3;32
30;31;12;22;38;29
45;1;41;23;19;22
7;35;3;26;16;28
26;46;12;49;17;4
15;26;40;7;16;25
31;23;40;4;12;27
15;18;4;38;22;21
9;11;26;25;49;1
25;21;24;47;28;9
22;8;36;5;18;9
41;22;6;49;1;7
28;7;40;39;2;47
24;48;14;10;11;26
12;36;18;21;30;27
27;23;48;30;41;19
11;25;19;1;32;12
34;25;37;42;39;31
36;4;37;49;18;3
5;33;18;4;12;20
30;32;31;47;16;26
39;26;38;9;18;42
19;7;32;45;47;48
36;43;23;2;26;1
15;29;37;1;44;34
6;25;44;26;13;19
23;24;27;49;25;29
48;9;24;36;17;27
37;24;35;32;31;46
18;37;17;28;6;33
29;42;6;4;26;16
44;33;36;32;29;30
16;49;2;6;22;44
41;6;44;39;7;4
38;27;46;43;23;13
38;41;29;42;17;13
2;15;35;47;22;3
47;39;40;7;34;33
2;40;23;27;3;17
44;30;22;36;49;18
33;38;8;32;31;25
21;36;17;27;41;19
37;5;47;27;45;41
18;12;27;33;26;15
35;37;30;20;14;29
23;22;21;36;49;34
49;18;37;14;19;23
1;18;39;10;41;49
15;27;47;49;25;5
29;9;36;6;38;49
35;2;45;29;10;48
28;16;32;49;23;25
19;2;28;11;24;49
29;5;9;34;21;7
14;5;8;3;34;33
33;12;48;19;16;28
40;14;49;8;18;27
17;40;18;11;30;16
47;27;31;35;21;26
36;28;3;46;9;30
10;15;44;19;23;38
33;31;25;20;37;17
46;23;18;19;4;33
45;17;19;11;15;16
24;21;11;20;49;30
42;6;3;17;21;20
13;10;35;7;40;9
38;10;11;13;7;4
15;4;25;34;10;46
1;18;42;29;32;36
22;1;36;24;33;20
18;15;8;31;3;21
21;47;46;14;3;7
7;37;43;14;38;24
7;1;19;16;11;37
6;23;46;40;35;45
9;5;2;35;20;12
28;29;32;24;48;34
20;37;17;11;26;43
32;9;30;16;25;28
17;33;18;12;13;3
29;18;11;43;35;19
25;12;46;16;20;7
3;17;2;9;27;14
40;30;5;23;6;18
35;8;13;39;44;38
39;38;11;32;4;31
46;45;37;19;17;31
37;48;27;11;12;14
1;8;31;34;43;45
13;19;21;34;42;48
10;11;12;21;30;49
4;11;20;23;38;41
4;6;27;33;40;43
2;21;24;41;42;47
1;13;17;21;44;45
2;3;6;11;42;49
3;15;22;25;29;30
2;8;29;32;40;44
1;6;12;15;21;36
6;16;40;41;46;49
11;26;32;39;43;47
13;18;21;35;36;45
10;15;25;31;42;47
5;10;15;16;38;41
1;19;24;29;35;42
4;16;27;31;38;47
2;13;14;19;47;48
1;9;11;44;47;49
6;8;19;25;29;41
11;18;27;38;42;45
4;19;27;29;36;41
1;4;21;22;37;39
12;21;23;32;41;42
2;5;7;9;13;22
3;26;28;29;46;49
10;15;31;36;40;48
3;23;26;29;42;44
4;9;19;40;44;47
10;14;20;22;39;46
15;19;20;33;34;36
8;12;20;22;32;38
1;9;35;37;43;46
38;41;42;46;48;49
11;13;19;20;24;49
8;15;21;27;29;47
5;11;12;19;21;48
6;9;10;11;18;22
5;11;23;31;42;43
2;32;34;39;42;49
5;10;21;22;33;36
3;21;29;30;34;37
7;13;19;22;23;36
16;18;29;31;35;47
6;7;33;35;37;42
6;12;24;29;36;47
5;6;12;13;31;35
4;9;25;31;38;40
7;8;14;22;29;44
4;16;22;31;40;45
5;13;15;17;19;36
4;14;25;38;44;47
2;16;22;30;36;43
8;20;21;25;43;44
4;12;19;32;34;41
1;23;30;31;37;45
3;7;20;33;34;48
6;12;25;26;44;46
13;29;36;47;48;49
6;8;23;27;31;46
23;26;28;31;48;49
14;15;20;37;40;45
18;24;29;30;42;47
3;6;18;31;39;40
4;9;22;27;31;41
3;13;14;29;40;41
4;15;31;37;41;42
6;18;20;28;42;49
4;6;13;16;22;40
8;30;35;38;40;47
5;13;24;32;37;41
2;13;16;32;45;47
7;9;20;24;35;36
3;7;9;11;27;36
1;14;18;32;37;45
2;21;26;27;33;45
3;9;29;30;33;39
4;5;9;16;19;45
10;18;25;36;38;44
17;33;37;41;42;47
3;5;8;19;30;47
1;12;14;26;27;39
7;13;24;28;31;32
6;23;27;29;30;44
3;9;13;15;37;46
4;12;21;38;39;46
3;17;21;22;24;39
8;15;16;20;31;37
6;7;15;16;26;32
1;3;14;34;42;46
6;13;18;24;29;31
5;8;10;36;46;47
8;11;18;26;40;49
6;25;29;30;31;36
2;22;25;32;45;46
7;11;31;34;35;36
8;9;39;40;41;43
1;6;7;20;29;49
5;14;19;22;33;41
30;40;41;47;48;49
1;3;18;28;42;44
2;5;13;18;25;36
1;5;10;25;32;37
16;24;37;38;40;42
13;17;35;37;45;46
6;17;25;29;48;49
6;22;31;33;36;43
4;19;31;33;40;46
3;4;6;10;46;48
13;16;34;35;39;42
3;8;13;15;18;42
1;10;19;24;30;31
15;23;29;35;38;48
10;16;24;27;47;48
7;16;29;36;45;47
3;4;27;41;44;49
2;12;13;19;34;46
23;27;29;36;38;42
3;9;25;31;37;43
1;5;17;31;34;49
3;5;12;19;42;44
2;9;11;33;47;48
4;6;10;11;17;25
12;15;19;23;29;38
2;4;7;10;35;37
4;9;33;34;42;47
9;20;25;27;44;48
12;15;19;27;34;47
13;23;28;30;33;46
1;8;12;15;46;48
1;23;25;31;38;47
3;16;27;34;42;45
20;26;29;38;43;48
1;7;17;22;29;46
13;18;30;38;45;48
8;19;34;35;40;49
5;24;28;30;35;42
5;24;28;37;40;44
6;15;32;36;43;47
18;27;33;41;44;47
3;6;8;29;40;47
15;18;26;27;37;42
6;16;20;22;23;24
17;20;27;35;41;45
15;20;25;28;33;41
5;9;13;20;39;48
3;6;8;26;29;38
4;22;24;34;36;43
3;5;18;31;37;45
3;11;15;18;33;45
3;13;25;27;32;48
5;6;14;16;31;48
3;22;24;25;43;45
5;14;32;37;46;47
10;15;31;34;35;45